t,area,f0_x,f0_y,f0_z,f0_n,f0_mag,f2_x,f2_y,f2_z,f2_n,f2_mag
0.000000e+00, 0.000000e+00,0.000000e+00,0.000000e+00,0.000000e+00,0.000000e+00,0.000000e+00,0.000000e+00,0.000000e+00,0.000000e+00,0.000000e+00,0.000000e+00
1.012708e-05, 0.000000e+00,0.000000e+00,0.000000e+00,0.000000e+00,0.000000e+00,0.000000e+00,0.000000e+00,0.000000e+00,0.000000e+00,0.000000e+00,0.000000e+00
2.025416e-05, 0.000000e+00,0.000000e+00,0.000000e+00,0.000000e+00,0.000000e+00,0.000000e+00,0.000000e+00,0.000000e+00,0.000000e+00,0.000000e+00,0.000000e+00
3.038124e-05, 0.000000e+00,0.000000e+00,0.000000e+00,0.000000e+00,0.000000e+00,0.000000e+00,0.000000e+00,0.000000e+00,0.000000e+00,0.000000e+00,0.000000e+00
4.050832e-05, 0.000000e+00,0.000000e+00,0.000000e+00,0.000000e+00,0.000000e+00,0.000000e+00,0.000000e+00,0.000000e+00,0.000000e+00,0.000000e+00,0.000000e+00
5.063540e-05, 0.000000e+00,0.000000e+00,0.000000e+00,0.000000e+00,0.000000e+00,0.000000e+00,0.000000e+00,0.000000e+00,0.000000e+00,0.000000e+00,0.000000e+00
6.076249e-05, 0.000000e+00,0.000000e+00,0.000000e+00,0.000000e+00,0.000000e+00,0.000000e+00,0.000000e+00,0.000000e+00,0.000000e+00,0.000000e+00,0.000000e+00
7.088957e-05, 0.000000e+00,0.000000e+00,0.000000e+00,0.000000e+00,0.000000e+00,0.000000e+00,0.000000e+00,0.000000e+00,0.000000e+00,0.000000e+00,0.000000e+00
8.101665e-05, 0.000000e+00,0.000000e+00,0.000000e+00,0.000000e+00,0.000000e+00,0.000000e+00,0.000000e+00,0.000000e+00,0.000000e+00,0.000000e+00,0.000000e+00
9.001850e-05, 0.000000e+00,0.000000e+00,0.000000e+00,0.000000e+00,0.000000e+00,0.000000e+00,0.000000e+00,0.000000e+00,0.000000e+00,0.000000e+00,0.000000e+00
1.001456e-04, 0.000000e+00,0.000000e+00,0.000000e+00,0.000000e+00,0.000000e+00,0.000000e+00,0.000000e+00,0.000000e+00,0.000000e+00,0.000000e+00,0.000000e+00
1.102727e-04, 0.000000e+00,0.000000e+00,0.000000e+00,0.000000e+00,0.000000e+00,0.000000e+00,0.000000e+00,0.000000e+00,0.000000e+00,0.000000e+00,0.000000e+00
1.203997e-04, 0.000000e+00,0.000000e+00,0.000000e+00,0.000000e+00,0.000000e+00,0.000000e+00,0.000000e+00,0.000000e+00,0.000000e+00,0.000000e+00,0.000000e+00
1.305268e-04, 0.000000e+00,0.000000e+00,0.000000e+00,0.000000e+00,0.000000e+00,0.000000e+00,0.000000e+00,0.000000e+00,0.000000e+00,0.000000e+00,0.000000e+00
1.406539e-04, 0.000000e+00,0.000000e+00,0.000000e+00,0.000000e+00,0.000000e+00,0.000000e+00,0.000000e+00,0.000000e+00,0.000000e+00,0.000000e+00,0.000000e+00
1.507810e-04, 0.000000e+00,0.000000e+00,0.000000e+00,0.000000e+00,0.000000e+00,0.000000e+00,0.000000e+00,0.000000e+00,0.000000e+00,0.000000e+00,0.000000e+00
1.609081e-04, 0.000000e+00,0.000000e+00,0.000000e+00,0.000000e+00,0.000000e+00,0.000000e+00,0.000000e+00,0.000000e+00,0.000000e+00,0.000000e+00,0.000000e+00
1.710351e-04, 0.000000e+00,0.000000e+00,0.000000e+00,0.000000e+00,0.000000e+00,0.000000e+00,0.000000e+00,0.000000e+00,0.000000e+00,0.000000e+00,0.000000e+00
1.800370e-04, 0.000000e+00,0.000000e+00,0.000000e+00,0.000000e+00,0.000000e+00,0.000000e+00,0.000000e+00,0.000000e+00,0.000000e+00,0.000000e+00,0.000000e+00
1.901641e-04, 0.000000e+00,0.000000e+00,0.000000e+00,0.000000e+00,0.000000e+00,0.000000e+00,0.000000e+00,0.000000e+00,0.000000e+00,0.000000e+00,0.000000e+00
2.002900e-04, 0.000000e+00,0.000000e+00,0.000000e+00,0.000000e+00,0.000000e+00,0.000000e+00,0.000000e+00,0.000000e+00,0.000000e+00,0.000000e+00,0.000000e+00
2.104157e-04, 0.000000e+00,0.000000e+00,0.000000e+00,0.000000e+00,0.000000e+00,0.000000e+00,0.000000e+00,0.000000e+00,0.000000e+00,0.000000e+00,0.000000e+00
2.205409e-04, 0.000000e+00,0.000000e+00,0.000000e+00,0.000000e+00,0.000000e+00,0.000000e+00,0.000000e+00,0.000000e+00,0.000000e+00,0.000000e+00,0.000000e+00
2.306660e-04, 0.000000e+00,0.000000e+00,0.000000e+00,0.000000e+00,0.000000e+00,0.000000e+00,0.000000e+00,0.000000e+00,0.000000e+00,0.000000e+00,0.000000e+00
2.407909e-04, 0.000000e+00,0.000000e+00,0.000000e+00,0.000000e+00,0.000000e+00,0.000000e+00,0.000000e+00,0.000000e+00,0.000000e+00,0.000000e+00,0.000000e+00
2.509152e-04, 0.000000e+00,0.000000e+00,0.000000e+00,0.000000e+00,0.000000e+00,0.000000e+00,0.000000e+00,0.000000e+00,0.000000e+00,0.000000e+00,0.000000e+00
2.610391e-04, 0.000000e+00,0.000000e+00,0.000000e+00,0.000000e+00,0.000000e+00,0.000000e+00,0.000000e+00,0.000000e+00,0.000000e+00,0.000000e+00,0.000000e+00
2.700365e-04, 0.000000e+00,0.000000e+00,0.000000e+00,0.000000e+00,0.000000e+00,0.000000e+00,0.000000e+00,0.000000e+00,0.000000e+00,0.000000e+00,0.000000e+00
2.801587e-04, 0.000000e+00,0.000000e+00,0.000000e+00,0.000000e+00,0.000000e+00,0.000000e+00,0.000000e+00,0.000000e+00,0.000000e+00,0.000000e+00,0.000000e+00
2.902812e-04, 0.000000e+00,0.000000e+00,0.000000e+00,0.000000e+00,0.000000e+00,0.000000e+00,0.000000e+00,0.000000e+00,0.000000e+00,0.000000e+00,0.000000e+00
3.004028e-04, 0.000000e+00,0.000000e+00,0.000000e+00,0.000000e+00,0.000000e+00,0.000000e+00,0.000000e+00,0.000000e+00,0.000000e+00,0.000000e+00,0.000000e+00
3.105249e-04, 0.000000e+00,0.000000e+00,0.000000e+00,0.000000e+00,0.000000e+00,0.000000e+00,0.000000e+00,0.000000e+00,0.000000e+00,0.000000e+00,0.000000e+00
3.206468e-04, 0.000000e+00,0.000000e+00,0.000000e+00,0.000000e+00,0.000000e+00,0.000000e+00,0.000000e+00,0.000000e+00,0.000000e+00,0.000000e+00,0.000000e+00
3.307683e-04, 0.000000e+00,0.000000e+00,0.000000e+00,0.000000e+00,0.000000e+00,0.000000e+00,0.000000e+00,0.000000e+00,0.000000e+00,0.000000e+00,0.000000e+00
3.408902e-04, 0.000000e+00,0.000000e+00,0.000000e+00,0.000000e+00,0.000000e+00,0.000000e+00,0.000000e+00,0.000000e+00,0.000000e+00,0.000000e+00,0.000000e+00
3.510115e-04, 0.000000e+00,0.000000e+00,0.000000e+00,0.000000e+00,0.000000e+00,0.000000e+00,0.000000e+00,0.000000e+00,0.000000e+00,0.000000e+00,0.000000e+00
3.600083e-04, 0.000000e+00,0.000000e+00,0.000000e+00,0.000000e+00,0.000000e+00,0.000000e+00,0.000000e+00,0.000000e+00,0.000000e+00,0.000000e+00,0.000000e+00
3.701297e-04, 0.000000e+00,0.000000e+00,0.000000e+00,0.000000e+00,0.000000e+00,0.000000e+00,0.000000e+00,0.000000e+00,0.000000e+00,0.000000e+00,0.000000e+00
3.802506e-04, 0.000000e+00,0.000000e+00,0.000000e+00,0.000000e+00,0.000000e+00,0.000000e+00,0.000000e+00,0.000000e+00,0.000000e+00,0.000000e+00,0.000000e+00
3.903716e-04, 0.000000e+00,0.000000e+00,0.000000e+00,0.000000e+00,0.000000e+00,0.000000e+00,0.000000e+00,0.000000e+00,0.000000e+00,0.000000e+00,0.000000e+00
4.004923e-04, 0.000000e+00,0.000000e+00,0.000000e+00,0.000000e+00,0.000000e+00,0.000000e+00,0.000000e+00,0.000000e+00,0.000000e+00,0.000000e+00,0.000000e+00
4.106127e-04, 0.000000e+00,0.000000e+00,0.000000e+00,0.000000e+00,0.000000e+00,0.000000e+00,0.000000e+00,0.000000e+00,0.000000e+00,0.000000e+00,0.000000e+00
4.207323e-04, 0.000000e+00,0.000000e+00,0.000000e+00,0.000000e+00,0.000000e+00,0.000000e+00,0.000000e+00,0.000000e+00,0.000000e+00,0.000000e+00,0.000000e+00
4.308518e-04, 0.000000e+00,0.000000e+00,0.000000e+00,0.000000e+00,0.000000e+00,0.000000e+00,0.000000e+00,0.000000e+00,0.000000e+00,0.000000e+00,0.000000e+00
4.409714e-04, 0.000000e+00,0.000000e+00,0.000000e+00,0.000000e+00,0.000000e+00,0.000000e+00,0.000000e+00,0.000000e+00,0.000000e+00,0.000000e+00,0.000000e+00
4.510904e-04, 0.000000e+00,0.000000e+00,0.000000e+00,0.000000e+00,0.000000e+00,0.000000e+00,0.000000e+00,0.000000e+00,0.000000e+00,0.000000e+00,0.000000e+00
4.600836e-04, 0.000000e+00,0.000000e+00,0.000000e+00,0.000000e+00,0.000000e+00,0.000000e+00,0.000000e+00,0.000000e+00,0.000000e+00,0.000000e+00,0.000000e+00
4.702003e-04, 0.000000e+00,0.000000e+00,0.000000e+00,0.000000e+00,0.000000e+00,0.000000e+00,0.000000e+00,0.000000e+00,0.000000e+00,0.000000e+00,0.000000e+00
4.803162e-04, 0.000000e+00,0.000000e+00,0.000000e+00,0.000000e+00,0.000000e+00,0.000000e+00,0.000000e+00,0.000000e+00,0.000000e+00,0.000000e+00,0.000000e+00
4.904308e-04, 0.000000e+00,0.000000e+00,0.000000e+00,0.000000e+00,0.000000e+00,0.000000e+00,0.000000e+00,0.000000e+00,0.000000e+00,0.000000e+00,0.000000e+00
5.005443e-04, 0.000000e+00,0.000000e+00,0.000000e+00,0.000000e+00,0.000000e+00,0.000000e+00,0.000000e+00,0.000000e+00,0.000000e+00,0.000000e+00,0.000000e+00
5.106557e-04, 0.000000e+00,0.000000e+00,0.000000e+00,0.000000e+00,0.000000e+00,0.000000e+00,0.000000e+00,0.000000e+00,0.000000e+00,0.000000e+00,0.000000e+00
5.207656e-04, 0.000000e+00,0.000000e+00,0.000000e+00,0.000000e+00,0.000000e+00,0.000000e+00,0.000000e+00,0.000000e+00,0.000000e+00,0.000000e+00,0.000000e+00
5.308727e-04, 0.000000e+00,0.000000e+00,0.000000e+00,0.000000e+00,0.000000e+00,0.000000e+00,0.000000e+00,0.000000e+00,0.000000e+00,0.000000e+00,0.000000e+00
5.409796e-04, 0.000000e+00,0.000000e+00,0.000000e+00,0.000000e+00,0.000000e+00,0.000000e+00,0.000000e+00,0.000000e+00,0.000000e+00,0.000000e+00,0.000000e+00
5.510841e-04, 0.000000e+00,0.000000e+00,0.000000e+00,0.000000e+00,0.000000e+00,0.000000e+00,0.000000e+00,0.000000e+00,0.000000e+00,0.000000e+00,0.000000e+00
5.600649e-04, 0.000000e+00,0.000000e+00,0.000000e+00,0.000000e+00,0.000000e+00,0.000000e+00,0.000000e+00,0.000000e+00,0.000000e+00,0.000000e+00,0.000000e+00
5.701654e-04, 0.000000e+00,0.000000e+00,0.000000e+00,0.000000e+00,0.000000e+00,0.000000e+00,0.000000e+00,0.000000e+00,0.000000e+00,0.000000e+00,0.000000e+00
5.802645e-04, 0.000000e+00,0.000000e+00,0.000000e+00,0.000000e+00,0.000000e+00,0.000000e+00,0.000000e+00,0.000000e+00,0.000000e+00,0.000000e+00,0.000000e+00
5.903616e-04, 0.000000e+00,0.000000e+00,0.000000e+00,0.000000e+00,0.000000e+00,0.000000e+00,0.000000e+00,0.000000e+00,0.000000e+00,0.000000e+00,0.000000e+00
6.004565e-04, 0.000000e+00,0.000000e+00,0.000000e+00,0.000000e+00,0.000000e+00,0.000000e+00,0.000000e+00,0.000000e+00,0.000000e+00,0.000000e+00,0.000000e+00
6.105491e-04, 0.000000e+00,0.000000e+00,0.000000e+00,0.000000e+00,0.000000e+00,0.000000e+00,0.000000e+00,0.000000e+00,0.000000e+00,0.000000e+00,0.000000e+00
6.206403e-04, 0.000000e+00,0.000000e+00,0.000000e+00,0.000000e+00,0.000000e+00,0.000000e+00,0.000000e+00,0.000000e+00,0.000000e+00,0.000000e+00,0.000000e+00
6.307308e-04, 0.000000e+00,0.000000e+00,0.000000e+00,0.000000e+00,0.000000e+00,0.000000e+00,0.000000e+00,0.000000e+00,0.000000e+00,0.000000e+00,0.000000e+00
6.408184e-04, 0.000000e+00,0.000000e+00,0.000000e+00,0.000000e+00,0.000000e+00,0.000000e+00,0.000000e+00,0.000000e+00,0.000000e+00,0.000000e+00,0.000000e+00
6.509028e-04, 0.000000e+00,0.000000e+00,0.000000e+00,0.000000e+00,0.000000e+00,0.000000e+00,0.000000e+00,0.000000e+00,0.000000e+00,0.000000e+00,0.000000e+00
6.609865e-04, 0.000000e+00,0.000000e+00,0.000000e+00,0.000000e+00,0.000000e+00,0.000000e+00,0.000000e+00,0.000000e+00,0.000000e+00,0.000000e+00,0.000000e+00
6.710680e-04, 0.000000e+00,0.000000e+00,0.000000e+00,0.000000e+00,0.000000e+00,0.000000e+00,0.000000e+00,0.000000e+00,0.000000e+00,0.000000e+00,0.000000e+00
6.800276e-04, 0.000000e+00,0.000000e+00,0.000000e+00,0.000000e+00,0.000000e+00,0.000000e+00,0.000000e+00,0.000000e+00,0.000000e+00,0.000000e+00,0.000000e+00
6.901045e-04, 0.000000e+00,0.000000e+00,0.000000e+00,0.000000e+00,0.000000e+00,0.000000e+00,0.000000e+00,0.000000e+00,0.000000e+00,0.000000e+00,0.000000e+00
7.001796e-04, 0.000000e+00,0.000000e+00,0.000000e+00,0.000000e+00,0.000000e+00,0.000000e+00,0.000000e+00,0.000000e+00,0.000000e+00,0.000000e+00,0.000000e+00
7.102518e-04, 0.000000e+00,0.000000e+00,0.000000e+00,0.000000e+00,0.000000e+00,0.000000e+00,0.000000e+00,0.000000e+00,0.000000e+00,0.000000e+00,0.000000e+00
7.203216e-04, 0.000000e+00,0.000000e+00,0.000000e+00,0.000000e+00,0.000000e+00,0.000000e+00,0.000000e+00,0.000000e+00,0.000000e+00,0.000000e+00,0.000000e+00
7.303896e-04, 0.000000e+00,0.000000e+00,0.000000e+00,0.000000e+00,0.000000e+00,0.000000e+00,0.000000e+00,0.000000e+00,0.000000e+00,0.000000e+00,0.000000e+00
7.404546e-04, 0.000000e+00,0.000000e+00,0.000000e+00,0.000000e+00,0.000000e+00,0.000000e+00,0.000000e+00,0.000000e+00,0.000000e+00,0.000000e+00,0.000000e+00
7.505176e-04, 0.000000e+00,0.000000e+00,0.000000e+00,0.000000e+00,0.000000e+00,0.000000e+00,0.000000e+00,0.000000e+00,0.000000e+00,0.000000e+00,0.000000e+00
7.605782e-04, 0.000000e+00,0.000000e+00,0.000000e+00,0.000000e+00,0.000000e+00,0.000000e+00,0.000000e+00,0.000000e+00,0.000000e+00,0.000000e+00,0.000000e+00
7.706358e-04, 0.000000e+00,0.000000e+00,0.000000e+00,0.000000e+00,0.000000e+00,0.000000e+00,0.000000e+00,0.000000e+00,0.000000e+00,0.000000e+00,0.000000e+00
7.806907e-04, 0.000000e+00,0.000000e+00,0.000000e+00,0.000000e+00,0.000000e+00,0.000000e+00,0.000000e+00,0.000000e+00,0.000000e+00,0.000000e+00,0.000000e+00
7.907434e-04, 0.000000e+00,0.000000e+00,0.000000e+00,0.000000e+00,0.000000e+00,0.000000e+00,0.000000e+00,0.000000e+00,0.000000e+00,0.000000e+00,0.000000e+00
8.007941e-04, 0.000000e+00,0.000000e+00,0.000000e+00,0.000000e+00,0.000000e+00,0.000000e+00,0.000000e+00,0.000000e+00,0.000000e+00,0.000000e+00,0.000000e+00
8.108419e-04, 0.000000e+00,0.000000e+00,0.000000e+00,0.000000e+00,0.000000e+00,0.000000e+00,0.000000e+00,0.000000e+00,0.000000e+00,0.000000e+00,0.000000e+00
8.208873e-04, 0.000000e+00,0.000000e+00,0.000000e+00,0.000000e+00,0.000000e+00,0.000000e+00,0.000000e+00,0.000000e+00,0.000000e+00,0.000000e+00,0.000000e+00
8.309301e-04, 0.000000e+00,0.000000e+00,0.000000e+00,0.000000e+00,0.000000e+00,0.000000e+00,0.000000e+00,0.000000e+00,0.000000e+00,0.000000e+00,0.000000e+00
8.409691e-04, 0.000000e+00,0.000000e+00,0.000000e+00,0.000000e+00,0.000000e+00,0.000000e+00,0.000000e+00,0.000000e+00,0.000000e+00,0.000000e+00,0.000000e+00
8.510043e-04, 0.000000e+00,0.000000e+00,0.000000e+00,0.000000e+00,0.000000e+00,0.000000e+00,0.000000e+00,0.000000e+00,0.000000e+00,0.000000e+00,0.000000e+00
8.610360e-04, 0.000000e+00,0.000000e+00,0.000000e+00,0.000000e+00,0.000000e+00,0.000000e+00,0.000000e+00,0.000000e+00,0.000000e+00,0.000000e+00,0.000000e+00
8.710655e-04, 0.000000e+00,0.000000e+00,0.000000e+00,0.000000e+00,0.000000e+00,0.000000e+00,0.000000e+00,0.000000e+00,0.000000e+00,0.000000e+00,0.000000e+00
8.810930e-04, 0.000000e+00,0.000000e+00,0.000000e+00,0.000000e+00,0.000000e+00,0.000000e+00,0.000000e+00,0.000000e+00,0.000000e+00,0.000000e+00,0.000000e+00
8.900041e-04, 0.000000e+00,0.000000e+00,0.000000e+00,0.000000e+00,0.000000e+00,0.000000e+00,0.000000e+00,0.000000e+00,0.000000e+00,0.000000e+00,0.000000e+00
9.000267e-04, 0.000000e+00,0.000000e+00,0.000000e+00,0.000000e+00,0.000000e+00,0.000000e+00,0.000000e+00,0.000000e+00,0.000000e+00,0.000000e+00,0.000000e+00
9.100458e-04, 0.000000e+00,0.000000e+00,0.000000e+00,0.000000e+00,0.000000e+00,0.000000e+00,0.000000e+00,0.000000e+00,0.000000e+00,0.000000e+00,0.000000e+00
9.200615e-04, 0.000000e+00,0.000000e+00,0.000000e+00,0.000000e+00,0.000000e+00,0.000000e+00,0.000000e+00,0.000000e+00,0.000000e+00,0.000000e+00,0.000000e+00
9.300747e-04, 0.000000e+00,0.000000e+00,0.000000e+00,0.000000e+00,0.000000e+00,0.000000e+00,0.000000e+00,0.000000e+00,0.000000e+00,0.000000e+00,0.000000e+00
9.400854e-04, 0.000000e+00,0.000000e+00,0.000000e+00,0.000000e+00,0.000000e+00,0.000000e+00,0.000000e+00,0.000000e+00,0.000000e+00,0.000000e+00,0.000000e+00
9.500932e-04, 0.000000e+00,0.000000e+00,0.000000e+00,0.000000e+00,0.000000e+00,0.000000e+00,0.000000e+00,0.000000e+00,0.000000e+00,0.000000e+00,0.000000e+00
9.600980e-04, 0.000000e+00,0.000000e+00,0.000000e+00,0.000000e+00,0.000000e+00,0.000000e+00,0.000000e+00,0.000000e+00,0.000000e+00,0.000000e+00,0.000000e+00
9.700999e-04, 0.000000e+00,0.000000e+00,0.000000e+00,0.000000e+00,0.000000e+00,0.000000e+00,0.000000e+00,0.000000e+00,0.000000e+00,0.000000e+00,0.000000e+00
9.800990e-04, 0.000000e+00,0.000000e+00,0.000000e+00,0.000000e+00,0.000000e+00,0.000000e+00,0.000000e+00,0.000000e+00,0.000000e+00,0.000000e+00,0.000000e+00
9.900959e-04, 0.000000e+00,0.000000e+00,0.000000e+00,0.000000e+00,0.000000e+00,0.000000e+00,0.000000e+00,0.000000e+00,0.000000e+00,0.000000e+00,0.000000e+00
1.000090e-03, 0.000000e+00,0.000000e+00,0.000000e+00,0.000000e+00,0.000000e+00,0.000000e+00,0.000000e+00,0.000000e+00,0.000000e+00,0.000000e+00,0.000000e+00
1.010082e-03, 0.000000e+00,0.000000e+00,0.000000e+00,0.000000e+00,0.000000e+00,0.000000e+00,0.000000e+00,0.000000e+00,0.000000e+00,0.000000e+00,0.000000e+00
1.020072e-03, 0.000000e+00,0.000000e+00,0.000000e+00,0.000000e+00,0.000000e+00,0.000000e+00,0.000000e+00,0.000000e+00,0.000000e+00,0.000000e+00,0.000000e+00
1.030060e-03, 0.000000e+00,0.000000e+00,0.000000e+00,0.000000e+00,0.000000e+00,0.000000e+00,0.000000e+00,0.000000e+00,0.000000e+00,0.000000e+00,0.000000e+00
1.040047e-03, 0.000000e+00,0.000000e+00,0.000000e+00,0.000000e+00,0.000000e+00,0.000000e+00,0.000000e+00,0.000000e+00,0.000000e+00,0.000000e+00,0.000000e+00
1.050030e-03, 0.000000e+00,0.000000e+00,0.000000e+00,0.000000e+00,0.000000e+00,0.000000e+00,0.000000e+00,0.000000e+00,0.000000e+00,0.000000e+00,0.000000e+00
1.060014e-03, 0.000000e+00,0.000000e+00,0.000000e+00,0.000000e+00,0.000000e+00,0.000000e+00,0.000000e+00,0.000000e+00,0.000000e+00,0.000000e+00,0.000000e+00
1.071107e-03, 0.000000e+00,0.000000e+00,0.000000e+00,0.000000e+00,0.000000e+00,0.000000e+00,0.000000e+00,0.000000e+00,0.000000e+00,0.000000e+00,0.000000e+00
1.081089e-03, 0.000000e+00,0.000000e+00,0.000000e+00,0.000000e+00,0.000000e+00,0.000000e+00,0.000000e+00,0.000000e+00,0.000000e+00,0.000000e+00,0.000000e+00
1.091070e-03, 0.000000e+00,0.000000e+00,0.000000e+00,0.000000e+00,0.000000e+00,0.000000e+00,0.000000e+00,0.000000e+00,0.000000e+00,0.000000e+00,0.000000e+00
1.101050e-03, 0.000000e+00,0.000000e+00,0.000000e+00,0.000000e+00,0.000000e+00,0.000000e+00,0.000000e+00,0.000000e+00,0.000000e+00,0.000000e+00,0.000000e+00
1.111031e-03, 0.000000e+00,0.000000e+00,0.000000e+00,0.000000e+00,0.000000e+00,0.000000e+00,0.000000e+00,0.000000e+00,0.000000e+00,0.000000e+00,0.000000e+00
1.121010e-03, 0.000000e+00,0.000000e+00,0.000000e+00,0.000000e+00,0.000000e+00,0.000000e+00,0.000000e+00,0.000000e+00,0.000000e+00,0.000000e+00,0.000000e+00
1.130990e-03, 0.000000e+00,0.000000e+00,0.000000e+00,0.000000e+00,0.000000e+00,0.000000e+00,0.000000e+00,0.000000e+00,0.000000e+00,0.000000e+00,0.000000e+00
1.140970e-03, 0.000000e+00,0.000000e+00,0.000000e+00,0.000000e+00,0.000000e+00,0.000000e+00,0.000000e+00,0.000000e+00,0.000000e+00,0.000000e+00,0.000000e+00
1.150948e-03, 0.000000e+00,0.000000e+00,0.000000e+00,0.000000e+00,0.000000e+00,0.000000e+00,0.000000e+00,0.000000e+00,0.000000e+00,0.000000e+00,0.000000e+00
1.160928e-03, 0.000000e+00,0.000000e+00,0.000000e+00,0.000000e+00,0.000000e+00,0.000000e+00,0.000000e+00,0.000000e+00,0.000000e+00,0.000000e+00,0.000000e+00
1.170907e-03, 0.000000e+00,0.000000e+00,0.000000e+00,0.000000e+00,0.000000e+00,0.000000e+00,0.000000e+00,0.000000e+00,0.000000e+00,0.000000e+00,0.000000e+00
1.180887e-03, 0.000000e+00,0.000000e+00,0.000000e+00,0.000000e+00,0.000000e+00,0.000000e+00,0.000000e+00,0.000000e+00,0.000000e+00,0.000000e+00,0.000000e+00
1.190865e-03, 0.000000e+00,0.000000e+00,0.000000e+00,0.000000e+00,0.000000e+00,0.000000e+00,0.000000e+00,0.000000e+00,0.000000e+00,0.000000e+00,0.000000e+00
1.200845e-03, 0.000000e+00,0.000000e+00,0.000000e+00,0.000000e+00,0.000000e+00,0.000000e+00,0.000000e+00,0.000000e+00,0.000000e+00,0.000000e+00,0.000000e+00
1.210824e-03, 0.000000e+00,0.000000e+00,0.000000e+00,0.000000e+00,0.000000e+00,0.000000e+00,0.000000e+00,0.000000e+00,0.000000e+00,0.000000e+00,0.000000e+00
1.220804e-03, 0.000000e+00,0.000000e+00,0.000000e+00,0.000000e+00,0.000000e+00,0.000000e+00,0.000000e+00,0.000000e+00,0.000000e+00,0.000000e+00,0.000000e+00
1.230784e-03, 0.000000e+00,0.000000e+00,0.000000e+00,0.000000e+00,0.000000e+00,0.000000e+00,0.000000e+00,0.000000e+00,0.000000e+00,0.000000e+00,0.000000e+00
1.240763e-03, 0.000000e+00,0.000000e+00,0.000000e+00,0.000000e+00,0.000000e+00,0.000000e+00,0.000000e+00,0.000000e+00,0.000000e+00,0.000000e+00,0.000000e+00
1.250741e-03, 0.000000e+00,0.000000e+00,0.000000e+00,0.000000e+00,0.000000e+00,0.000000e+00,0.000000e+00,0.000000e+00,0.000000e+00,0.000000e+00,0.000000e+00
1.260719e-03, 0.000000e+00,0.000000e+00,0.000000e+00,0.000000e+00,0.000000e+00,0.000000e+00,0.000000e+00,0.000000e+00,0.000000e+00,0.000000e+00,0.000000e+00
1.270695e-03, 0.000000e+00,0.000000e+00,0.000000e+00,0.000000e+00,0.000000e+00,0.000000e+00,0.000000e+00,0.000000e+00,0.000000e+00,0.000000e+00,0.000000e+00
1.280667e-03, 0.000000e+00,0.000000e+00,0.000000e+00,0.000000e+00,0.000000e+00,0.000000e+00,0.000000e+00,0.000000e+00,0.000000e+00,0.000000e+00,0.000000e+00
1.290638e-03, 0.000000e+00,0.000000e+00,0.000000e+00,0.000000e+00,0.000000e+00,0.000000e+00,0.000000e+00,0.000000e+00,0.000000e+00,0.000000e+00,0.000000e+00
1.300612e-03, 0.000000e+00,0.000000e+00,0.000000e+00,0.000000e+00,0.000000e+00,0.000000e+00,0.000000e+00,0.000000e+00,0.000000e+00,0.000000e+00,0.000000e+00
1.310589e-03, 0.000000e+00,0.000000e+00,0.000000e+00,0.000000e+00,0.000000e+00,0.000000e+00,0.000000e+00,0.000000e+00,0.000000e+00,0.000000e+00,0.000000e+00
1.320571e-03, 0.000000e+00,0.000000e+00,0.000000e+00,0.000000e+00,0.000000e+00,0.000000e+00,0.000000e+00,0.000000e+00,0.000000e+00,0.000000e+00,0.000000e+00
1.330553e-03, 0.000000e+00,0.000000e+00,0.000000e+00,0.000000e+00,0.000000e+00,0.000000e+00,0.000000e+00,0.000000e+00,0.000000e+00,0.000000e+00,0.000000e+00
1.340536e-03, 0.000000e+00,0.000000e+00,0.000000e+00,0.000000e+00,0.000000e+00,0.000000e+00,0.000000e+00,0.000000e+00,0.000000e+00,0.000000e+00,0.000000e+00
1.350519e-03, 0.000000e+00,0.000000e+00,0.000000e+00,0.000000e+00,0.000000e+00,0.000000e+00,0.000000e+00,0.000000e+00,0.000000e+00,0.000000e+00,0.000000e+00
1.360503e-03, 0.000000e+00,0.000000e+00,0.000000e+00,0.000000e+00,0.000000e+00,0.000000e+00,0.000000e+00,0.000000e+00,0.000000e+00,0.000000e+00,0.000000e+00
1.370489e-03, 0.000000e+00,0.000000e+00,0.000000e+00,0.000000e+00,0.000000e+00,0.000000e+00,0.000000e+00,0.000000e+00,0.000000e+00,0.000000e+00,0.000000e+00
1.380477e-03, 0.000000e+00,0.000000e+00,0.000000e+00,0.000000e+00,0.000000e+00,0.000000e+00,0.000000e+00,0.000000e+00,0.000000e+00,0.000000e+00,0.000000e+00
1.390466e-03, 0.000000e+00,0.000000e+00,0.000000e+00,0.000000e+00,0.000000e+00,0.000000e+00,0.000000e+00,0.000000e+00,0.000000e+00,0.000000e+00,0.000000e+00
1.400457e-03, 0.000000e+00,0.000000e+00,0.000000e+00,0.000000e+00,0.000000e+00,0.000000e+00,0.000000e+00,0.000000e+00,0.000000e+00,0.000000e+00,0.000000e+00
1.410450e-03, 0.000000e+00,0.000000e+00,0.000000e+00,0.000000e+00,0.000000e+00,0.000000e+00,0.000000e+00,0.000000e+00,0.000000e+00,0.000000e+00,0.000000e+00
1.420444e-03, 0.000000e+00,0.000000e+00,0.000000e+00,0.000000e+00,0.000000e+00,0.000000e+00,0.000000e+00,0.000000e+00,0.000000e+00,0.000000e+00,0.000000e+00
1.430439e-03, 0.000000e+00,0.000000e+00,0.000000e+00,0.000000e+00,0.000000e+00,0.000000e+00,0.000000e+00,0.000000e+00,0.000000e+00,0.000000e+00,0.000000e+00
1.440433e-03, 0.000000e+00,0.000000e+00,0.000000e+00,0.000000e+00,0.000000e+00,0.000000e+00,0.000000e+00,0.000000e+00,0.000000e+00,0.000000e+00,0.000000e+00
1.450427e-03, 0.000000e+00,0.000000e+00,0.000000e+00,0.000000e+00,0.000000e+00,0.000000e+00,0.000000e+00,0.000000e+00,0.000000e+00,0.000000e+00,0.000000e+00
1.460417e-03, 0.000000e+00,0.000000e+00,0.000000e+00,0.000000e+00,0.000000e+00,0.000000e+00,0.000000e+00,0.000000e+00,0.000000e+00,0.000000e+00,0.000000e+00
1.470405e-03, 0.000000e+00,0.000000e+00,0.000000e+00,0.000000e+00,0.000000e+00,0.000000e+00,0.000000e+00,0.000000e+00,0.000000e+00,0.000000e+00,0.000000e+00
1.480390e-03, 0.000000e+00,0.000000e+00,0.000000e+00,0.000000e+00,0.000000e+00,0.000000e+00,0.000000e+00,0.000000e+00,0.000000e+00,0.000000e+00,0.000000e+00
1.490372e-03, 0.000000e+00,0.000000e+00,0.000000e+00,0.000000e+00,0.000000e+00,0.000000e+00,0.000000e+00,0.000000e+00,0.000000e+00,0.000000e+00,0.000000e+00
1.500353e-03, 2.901673e-05,-9.589458e+03,-7.497021e+03,6.280790e+01,-1.201736e+04,1.217239e+04,0.000000e+00,0.000000e+00,0.000000e+00,0.000000e+00,0.000000e+00
1.510330e-03, 5.837460e-05,-1.946094e+04,-1.458555e+04,1.845887e+02,-2.407845e+04,2.432078e+04,0.000000e+00,0.000000e+00,0.000000e+00,0.000000e+00,0.000000e+00
1.520305e-03, 7.301244e-05,-2.823755e+04,-1.871980e+04,3.405370e+02,-3.376380e+04,3.388077e+04,0.000000e+00,0.000000e+00,0.000000e+00,0.000000e+00,0.000000e+00
1.530275e-03, 1.124294e-04,-4.606414e+04,-2.948383e+04,-1.013549e+02,-5.457946e+04,5.469197e+04,0.000000e+00,0.000000e+00,0.000000e+00,0.000000e+00,0.000000e+00
1.540242e-03, 1.187174e-04,-4.900343e+04,-2.877565e+04,9.107586e+01,-5.680906e+04,5.682766e+04,0.000000e+00,0.000000e+00,0.000000e+00,0.000000e+00,0.000000e+00
1.550206e-03, 1.439733e-04,-5.594393e+04,-3.291056e+04,-1.577881e+02,-6.488720e+04,6.490649e+04,0.000000e+00,0.000000e+00,0.000000e+00,0.000000e+00,0.000000e+00
1.560169e-03, 1.600608e-04,-6.348993e+04,-3.433387e+04,2.514140e+02,-7.218429e+04,7.217928e+04,0.000000e+00,0.000000e+00,0.000000e+00,0.000000e+00,0.000000e+00
1.570129e-03, 1.653729e-04,-6.686197e+04,-3.386293e+04,-1.324534e+02,-7.491130e+04,7.494824e+04,0.000000e+00,0.000000e+00,0.000000e+00,0.000000e+00,0.000000e+00
1.580089e-03, 1.768296e-04,-7.178840e+04,-3.401969e+04,-1.148048e+02,-7.930324e+04,7.944134e+04,0.000000e+00,0.000000e+00,0.000000e+00,0.000000e+00,0.000000e+00
1.590047e-03, 1.770836e-04,-7.163780e+04,-3.246648e+04,-8.097612e+01,-7.842676e+04,7.865147e+04,0.000000e+00,0.000000e+00,0.000000e+00,0.000000e+00,0.000000e+00
1.600004e-03, 1.773384e-04,-7.077942e+04,-3.049222e+04,-1.265229e+02,-7.672480e+04,7.706826e+04,0.000000e+00,0.000000e+00,0.000000e+00,0.000000e+00,0.000000e+00
1.611068e-03, 1.776098e-04,-6.953580e+04,-2.830724e+04,-2.968593e+02,-7.459016e+04,7.507740e+04,0.000000e+00,0.000000e+00,0.000000e+00,0.000000e+00,0.000000e+00
1.621025e-03, 1.778148e-04,-6.996286e+04,-2.663825e+04,-4.624780e+02,-7.417031e+04,7.486396e+04,0.000000e+00,0.000000e+00,0.000000e+00,0.000000e+00,0.000000e+00
1.630982e-03, 1.780239e-04,-6.941236e+04,-2.554256e+04,-4.333738e+02,-7.316993e+04,7.396408e+04,0.000000e+00,0.000000e+00,0.000000e+00,0.000000e+00,0.000000e+00
1.640936e-03, 1.862899e-04,-7.085204e+04,-2.537204e+04,-5.134078e+02,-7.421282e+04,7.525966e+04,0.000000e+00,0.000000e+00,0.000000e+00,0.000000e+00,0.000000e+00
1.650891e-03, 1.885707e-04,-7.185366e+04,-2.624124e+04,-2.705532e+02,-7.553483e+04,7.649591e+04,0.000000e+00,0.000000e+00,0.000000e+00,0.000000e+00,0.000000e+00
1.660844e-03, 1.887484e-04,-7.209637e+04,-2.711087e+04,-3.805994e+02,-7.621845e+04,7.702617e+04,0.000000e+00,0.000000e+00,0.000000e+00,0.000000e+00,0.000000e+00
1.670796e-03, 1.918407e-04,-7.404695e+04,-2.880610e+04,-1.740334e+02,-7.875508e+04,7.945296e+04,0.000000e+00,0.000000e+00,0.000000e+00,0.000000e+00,0.000000e+00
1.680748e-03, 1.986877e-04,-7.644291e+04,-3.025755e+04,-1.203287e+02,-8.147738e+04,8.221346e+04,0.000000e+00,0.000000e+00,0.000000e+00,0.000000e+00,0.000000e+00
1.690698e-03, 2.142637e-04,-8.103929e+04,-3.297377e+04,-3.994980e+02,-8.664055e+04,8.749169e+04,0.000000e+00,0.000000e+00,0.000000e+00,0.000000e+00,0.000000e+00
1.700644e-03, 2.355943e-04,-8.715145e+04,-3.483358e+04,-4.050614e+02,-9.256679e+04,9.385583e+04,0.000000e+00,0.000000e+00,0.000000e+00,0.000000e+00,0.000000e+00
1.710589e-03, 2.573202e-04,-9.264673e+04,-3.568185e+04,-9.306261e+02,-9.751349e+04,9.928483e+04,0.000000e+00,0.000000e+00,0.000000e+00,0.000000e+00,0.000000e+00
1.720531e-03, 2.701790e-04,-9.515479e+04,-3.718088e+04,-4.145283e+02,-1.004755e+05,1.021618e+05,0.000000e+00,0.000000e+00,0.000000e+00,0.000000e+00,0.000000e+00
1.730473e-03, 2.760905e-04,-9.509399e+04,-3.606094e+04,-4.635287e+01,-9.994659e+04,1.017018e+05,0.000000e+00,0.000000e+00,0.000000e+00,0.000000e+00,0.000000e+00
1.740414e-03, 2.794766e-04,-9.373741e+04,-3.567843e+04,2.297800e+01,-9.883375e+04,1.002978e+05,0.000000e+00,0.000000e+00,0.000000e+00,0.000000e+00,0.000000e+00
1.750352e-03, 2.906480e-04,-9.413820e+04,-3.691190e+04,-1.586293e+02,-1.001784e+05,1.011163e+05,0.000000e+00,0.000000e+00,0.000000e+00,0.000000e+00,0.000000e+00
1.760288e-03, 2.907275e-04,-9.143031e+04,-3.579707e+04,-1.679038e+02,-9.759169e+04,9.818839e+04,0.000000e+00,0.000000e+00,0.000000e+00,0.000000e+00,0.000000e+00
1.770220e-03, 2.993244e-04,-9.063560e+04,-3.589795e+04,1.784134e+02,-9.717822e+04,9.748593e+04,0.000000e+00,0.000000e+00,0.000000e+00,0.000000e+00,0.000000e+00
1.780151e-03, 2.993972e-04,-8.770644e+04,-3.621105e+04,2.384019e+02,-9.521058e+04,9.488792e+04,0.000000e+00,0.000000e+00,0.000000e+00,0.000000e+00,0.000000e+00
1.790079e-03, 3.104191e-04,-8.860009e+04,-3.843609e+04,-2.699479e+02,-9.728087e+04,9.657837e+04,0.000000e+00,0.000000e+00,0.000000e+00,0.000000e+00,0.000000e+00
1.800004e-03, 3.201325e-04,-8.961770e+04,-4.095567e+04,4.579102e+01,-9.982724e+04,9.853274e+04,0.000000e+00,0.000000e+00,0.000000e+00,0.000000e+00,0.000000e+00
1.811029e-03, 3.374397e-04,-9.067662e+04,-4.313869e+04,4.474845e+02,-1.020422e+05,1.004161e+05,0.000000e+00,0.000000e+00,0.000000e+00,0.000000e+00,0.000000e+00
1.820949e-03, 3.431225e-04,-8.965006e+04,-4.431375e+04,2.055325e+02,-1.020897e+05,1.000044e+05,0.000000e+00,0.000000e+00,0.000000e+00,0.000000e+00,0.000000e+00
1.830866e-03, 3.452420e-04,-8.623410e+04,-4.528300e+04,6.357141e+02,-9.975581e+04,9.740264e+04,0.000000e+00,0.000000e+00,0.000000e+00,0.000000e+00,0.000000e+00
1.840782e-03, 3.666607e-04,-8.954194e+04,-4.816526e+04,2.826999e+02,-1.038785e+05,1.016746e+05,0.000000e+00,0.000000e+00,0.000000e+00,0.000000e+00,0.000000e+00
1.850694e-03, 3.493351e-04,-8.386331e+04,-4.683434e+04,1.022824e+03,-9.859651e+04,9.606018e+04,0.000000e+00,0.000000e+00,0.000000e+00,0.000000e+00,0.000000e+00
1.860605e-03, 3.389902e-04,-7.959557e+04,-4.623639e+04,9.780723e+02,-9.500650e+04,9.205550e+04,0.000000e+00,0.000000e+00,0.000000e+00,0.000000e+00,0.000000e+00
1.870514e-03, 3.390572e-04,-7.925050e+04,-4.698344e+04,1.105420e+03,-9.510716e+04,9.213743e+04,0.000000e+00,0.000000e+00,0.000000e+00,0.000000e+00,0.000000e+00
1.880420e-03, 3.178490e-04,-7.595093e+04,-4.723207e+04,4.927187e+02,-9.255670e+04,8.944079e+04,0.000000e+00,0.000000e+00,0.000000e+00,0.000000e+00,0.000000e+00
1.890324e-03, 3.535968e-04,-8.085323e+04,-5.073097e+04,1.736708e+03,-9.864120e+04,9.546671e+04,0.000000e+00,0.000000e+00,0.000000e+00,0.000000e+00,0.000000e+00
1.900227e-03, 3.533100e-04,-8.006465e+04,-5.182731e+04,2.414081e+03,-9.858329e+04,9.540569e+04,0.000000e+00,0.000000e+00,0.000000e+00,0.000000e+00,0.000000e+00
1.910127e-03, 3.604023e-04,-8.291891e+04,-5.681628e+04,2.535539e+03,-1.034327e+05,1.005488e+05,0.000000e+00,0.000000e+00,0.000000e+00,0.000000e+00,0.000000e+00
1.920024e-03, 3.829773e-04,-8.718546e+04,-6.250412e+04,2.700692e+03,-1.104270e+05,1.073097e+05,0.000000e+00,0.000000e+00,0.000000e+00,0.000000e+00,0.000000e+00
1.931019e-03, 4.287416e-04,-1.005884e+05,-7.589072e+04,1.828153e+03,-1.293030e+05,1.260190e+05,0.000000e+00,0.000000e+00,0.000000e+00,0.000000e+00,0.000000e+00
1.940911e-03, 4.201772e-04,-1.000388e+05,-7.909244e+04,1.466696e+03,-1.312166e+05,1.275363e+05,0.000000e+00,0.000000e+00,0.000000e+00,0.000000e+00,0.000000e+00
1.950801e-03, 4.555278e-04,-1.092910e+05,-8.736475e+04,1.281884e+03,-1.443320e+05,1.399241e+05,0.000000e+00,0.000000e+00,0.000000e+00,0.000000e+00,0.000000e+00
1.960690e-03, 4.740520e-04,-1.144310e+05,-9.180731e+04,1.097544e+03,-1.511594e+05,1.467114e+05,0.000000e+00,0.000000e+00,0.000000e+00,0.000000e+00,0.000000e+00
1.970575e-03, 4.740374e-04,-1.153795e+05,-9.370991e+04,1.042206e+03,-1.523734e+05,1.486441e+05,0.000000e+00,0.000000e+00,0.000000e+00,0.000000e+00,0.000000e+00
1.980459e-03, 4.741354e-04,-1.160187e+05,-9.583132e+04,1.408923e+03,-1.548653e+05,1.504858e+05,0.000000e+00,0.000000e+00,0.000000e+00,0.000000e+00,0.000000e+00
1.990339e-03, 5.051334e-04,-1.248183e+05,-1.075488e+05,2.946168e+03,-1.700495e+05,1.647878e+05,0.000000e+00,0.000000e+00,0.000000e+00,0.000000e+00,0.000000e+00
2.000216e-03, 5.268586e-04,-1.335514e+05,-1.200708e+05,2.142699e+03,-1.853935e+05,1.796039e+05,0.000000e+00,0.000000e+00,0.000000e+00,0.000000e+00,0.000000e+00
2.010089e-03, 5.339956e-04,-1.416139e+05,-1.326460e+05,1.866150e+03,-2.010531e+05,1.940436e+05,0.000000e+00,0.000000e+00,0.000000e+00,0.000000e+00,0.000000e+00
2.021056e-03, 5.587383e-04,-1.537706e+05,-1.486084e+05,1.273151e+03,-2.214815e+05,2.138492e+05,0.000000e+00,0.000000e+00,0.000000e+00,0.000000e+00,0.000000e+00
2.030925e-03, 5.739678e-04,-1.626830e+05,-1.641411e+05,-7.375826e+00,-2.395992e+05,2.311018e+05,0.000000e+00,0.000000e+00,0.000000e+00,0.000000e+00,0.000000e+00
2.040791e-03, 5.936721e-04,-1.767883e+05,-1.844549e+05,4.770878e+02,-2.650566e+05,2.554955e+05,0.000000e+00,0.000000e+00,0.000000e+00,0.000000e+00,0.000000e+00
2.050654e-03, 6.033139e-04,-1.857394e+05,-1.949418e+05,-1.206062e+03,-2.793842e+05,2.692636e+05,0.000000e+00,0.000000e+00,0.000000e+00,0.000000e+00,0.000000e+00
2.060515e-03, 6.123678e-04,-2.035440e+05,-2.117165e+05,-1.201979e+03,-3.050320e+05,2.936928e+05,0.000000e+00,0.000000e+00,0.000000e+00,0.000000e+00,0.000000e+00
2.070371e-03, 6.825658e-04,-2.290437e+05,-2.416836e+05,-1.330045e+03,-3.450310e+05,3.329771e+05,0.000000e+00,0.000000e+00,0.000000e+00,0.000000e+00,0.000000e+00
2.080225e-03, 6.567805e-04,-2.331946e+05,-2.495666e+05,2.706815e+02,-3.540894e+05,3.415600e+05,0.000000e+00,0.000000e+00,0.000000e+00,0.000000e+00,0.000000e+00
2.090076e-03, 6.659547e-04,-2.405030e+05,-2.610918e+05,1.538572e+03,-3.674797e+05,3.549830e+05,0.000000e+00,0.000000e+00,0.000000e+00,0.000000e+00,0.000000e+00
2.101020e-03, 6.686684e-04,-2.439506e+05,-2.683227e+05,1.647147e+03,-3.752442e+05,3.626454e+05,0.000000e+00,0.000000e+00,0.000000e+00,0.000000e+00,0.000000e+00
2.110866e-03, 6.976193e-04,-2.493301e+05,-2.799792e+05,1.452109e+03,-3.872505e+05,3.749080e+05,0.000000e+00,0.000000e+00,0.000000e+00,0.000000e+00,0.000000e+00
2.120710e-03, 6.718833e-04,-2.407762e+05,-2.709356e+05,1.293938e+03,-3.743702e+05,3.624650e+05,0.000000e+00,0.000000e+00,0.000000e+00,0.000000e+00,0.000000e+00
2.130549e-03, 6.616791e-04,-2.330789e+05,-2.615848e+05,8.012243e+00,-3.618641e+05,3.503603e+05,0.000000e+00,0.000000e+00,0.000000e+00,0.000000e+00,0.000000e+00
2.140386e-03, 6.621879e-04,-2.291758e+05,-2.589610e+05,-1.186527e+03,-3.570452e+05,3.458088e+05,0.000000e+00,0.000000e+00,0.000000e+00,0.000000e+00,0.000000e+00
2.150218e-03, 6.627043e-04,-2.270609e+05,-2.573435e+05,-9.603783e+02,-3.540944e+05,3.431956e+05,0.000000e+00,0.000000e+00,0.000000e+00,0.000000e+00,0.000000e+00
2.160046e-03, 6.895949e-04,-2.256303e+05,-2.615013e+05,-1.254207e+03,-3.563323e+05,3.453890e+05,0.000000e+00,0.000000e+00,0.000000e+00,0.000000e+00,0.000000e+00
2.170962e-03, 6.638716e-04,-2.175302e+05,-2.512107e+05,-1.597976e+02,-3.427641e+05,3.323044e+05,0.000000e+00,0.000000e+00,0.000000e+00,0.000000e+00,0.000000e+00
2.180784e-03, 6.395643e-04,-2.092253e+05,-2.415915e+05,1.311647e+03,-3.298991e+05,3.195988e+05,0.000000e+00,0.000000e+00,0.000000e+00,0.000000e+00,0.000000e+00
2.190602e-03, 6.913952e-04,-2.159703e+05,-2.562254e+05,4.703583e+02,-3.459012e+05,3.351042e+05,0.000000e+00,0.000000e+00,0.000000e+00,0.000000e+00,0.000000e+00
2.200417e-03, 6.867850e-04,-2.092884e+05,-2.460165e+05,2.256520e+02,-3.334582e+05,3.229951e+05,0.000000e+00,0.000000e+00,0.000000e+00,0.000000e+00,0.000000e+00
2.210229e-03, 6.981628e-04,-2.115536e+05,-2.531025e+05,1.314682e+03,-3.405083e+05,3.298750e+05,0.000000e+00,0.000000e+00,0.000000e+00,0.000000e+00,0.000000e+00
2.220037e-03, 6.987473e-04,-2.096181e+05,-2.527113e+05,2.771396e+02,-3.391373e+05,3.283334e+05,0.000000e+00,0.000000e+00,0.000000e+00,0.000000e+00,0.000000e+00
2.230930e-03, 6.993956e-04,-2.071178e+05,-2.510003e+05,8.323919e+02,-3.362780e+05,3.254222e+05,0.000000e+00,0.000000e+00,0.000000e+00,0.000000e+00,0.000000e+00
2.240729e-03, 6.999626e-04,-2.058053e+05,-2.502541e+05,-1.457930e+02,-3.349352e+05,3.240107e+05,0.000000e+00,0.000000e+00,0.000000e+00,0.000000e+00,0.000000e+00
2.250525e-03, 7.005460e-04,-2.038915e+05,-2.489345e+05,1.838004e+02,-3.328300e+05,3.217766e+05,0.000000e+00,0.000000e+00,0.000000e+00,0.000000e+00,0.000000e+00
2.260296e-03, 7.011348e-04,-2.018381e+05,-2.475889e+05,3.390275e+02,-3.304476e+05,3.194354e+05,0.000000e+00,0.000000e+00,0.000000e+00,0.000000e+00,0.000000e+00
2.270082e-03, 7.017241e-04,-2.012852e+05,-2.458061e+05,-1.116664e+02,-3.290362e+05,3.177049e+05,0.000000e+00,0.000000e+00,0.000000e+00,0.000000e+00,0.000000e+00
2.280949e-03, 7.023880e-04,-1.991235e+05,-2.427437e+05,-2.242425e+02,-3.255741e+05,3.139661e+05,0.000000e+00,0.000000e+00,0.000000e+00,0.000000e+00,0.000000e+00
2.290723e-03, 7.029909e-04,-1.960843e+05,-2.398606e+05,-7.121477e+02,-3.213094e+05,3.098107e+05,0.000000e+00,0.000000e+00,0.000000e+00,0.000000e+00,0.000000e+00
2.300493e-03, 6.837122e-04,-1.831414e+05,-2.234821e+05,-1.376454e+03,-3.000627e+05,2.889410e+05,0.000000e+00,0.000000e+00,0.000000e+00,0.000000e+00,0.000000e+00
2.310258e-03, 6.842960e-04,-1.804972e+05,-2.215061e+05,-1.483947e+03,-2.967068e+05,2.857383e+05,0.000000e+00,0.000000e+00,0.000000e+00,0.000000e+00,0.000000e+00
2.320018e-03, 6.848878e-04,-1.775533e+05,-2.191520e+05,-8.810235e+02,-2.927488e+05,2.820524e+05,0.000000e+00,0.000000e+00,0.000000e+00,0.000000e+00,0.000000e+00
2.330857e-03, 6.855344e-04,-1.751799e+05,-2.157451e+05,-3.449338e+02,-2.888267e+05,2.779102e+05,0.000000e+00,0.000000e+00,0.000000e+00,0.000000e+00,0.000000e+00
2.340606e-03, 7.060425e-04,-1.801176e+05,-2.251235e+05,8.768292e+01,-2.995492e+05,2.883105e+05,0.000000e+00,0.000000e+00,0.000000e+00,0.000000e+00,0.000000e+00
2.350350e-03, 7.066293e-04,-1.768561e+05,-2.201669e+05,4.708160e+02,-2.937397e+05,2.824036e+05,0.000000e+00,0.000000e+00,0.000000e+00,0.000000e+00,0.000000e+00
2.360089e-03, 7.072022e-04,-1.758396e+05,-2.176106e+05,-6.491406e+02,-2.915636e+05,2.797756e+05,0.000000e+00,0.000000e+00,0.000000e+00,0.000000e+00,0.000000e+00
2.370904e-03, 6.878677e-04,-1.645633e+05,-2.030382e+05,-1.122773e+03,-2.727637e+05,2.613558e+05,0.000000e+00,0.000000e+00,0.000000e+00,0.000000e+00,0.000000e+00
2.380632e-03, 6.884380e-04,-1.624842e+05,-1.998524e+05,-6.689003e+02,-2.692395e+05,2.575705e+05,0.000000e+00,0.000000e+00,0.000000e+00,0.000000e+00,0.000000e+00
2.390355e-03, 6.890063e-04,-1.595671e+05,-1.966075e+05,-6.371604e+02,-2.648242e+05,2.532125e+05,0.000000e+00,0.000000e+00,0.000000e+00,0.000000e+00,0.000000e+00
2.400074e-03, 6.529245e-04,-1.454983e+05,-1.834913e+05,-7.600664e+02,-2.449237e+05,2.341781e+05,0.000000e+00,0.000000e+00,0.000000e+00,0.000000e+00,0.000000e+00
2.410868e-03, 6.901853e-04,-1.530089e+05,-1.908321e+05,-1.548285e+02,-2.559661e+05,2.445989e+05,0.000000e+00,0.000000e+00,0.000000e+00,0.000000e+00,0.000000e+00
2.420577e-03, 6.903919e-04,-1.530218e+05,-1.906258e+05,-6.778391e+02,-2.557901e+05,2.444470e+05,0.000000e+00,0.000000e+00,0.000000e+00,0.000000e+00,0.000000e+00
2.430282e-03, 6.779785e-04,-1.436472e+05,-1.794483e+05,-1.344826e+03,-2.408360e+05,2.298652e+05,0.000000e+00,0.000000e+00,0.000000e+00,0.000000e+00,0.000000e+00
2.441060e-03, 6.699625e-04,-1.406472e+05,-1.766421e+05,-6.178247e+02,-2.368934e+05,2.257973e+05,0.000000e+00,0.000000e+00,0.000000e+00,0.000000e+00,0.000000e+00
2.450756e-03, 6.566812e-04,-1.368621e+05,-1.710609e+05,-1.087364e+03,-2.302161e+05,2.190759e+05,0.000000e+00,0.000000e+00,0.000000e+00,0.000000e+00,0.000000e+00
2.460448e-03, 6.164011e-04,-1.272321e+05,-1.547314e+05,-7.956968e+02,-2.113238e+05,2.003259e+05,0.000000e+00,0.000000e+00,0.000000e+00,0.000000e+00,0.000000e+00
2.470134e-03, 5.969305e-04,-1.219211e+05,-1.487455e+05,-3.525745e+02,-2.031442e+05,1.923281e+05,0.000000e+00,0.000000e+00,0.000000e+00,0.000000e+00,0.000000e+00
2.480891e-03, 5.904653e-04,-1.231437e+05,-1.543022e+05,7.450509e+01,-2.079492e+05,1.974172e+05,0.000000e+00,0.000000e+00,0.000000e+00,0.000000e+00,0.000000e+00
2.490568e-03, 5.890408e-04,-1.183552e+05,-1.521088e+05,-5.068604e+02,-2.034014e+05,1.927311e+05,0.000000e+00,0.000000e+00,0.000000e+00,0.000000e+00,0.000000e+00
2.500240e-03, 5.814149e-04,-1.159291e+05,-1.484125e+05,1.638777e+02,-1.987349e+05,1.883238e+05,0.000000e+00,0.000000e+00,0.000000e+00,0.000000e+00,0.000000e+00
2.510982e-03, 6.241919e-04,-1.151232e+05,-1.500826e+05,5.386062e+02,-1.999298e+05,1.891519e+05,0.000000e+00,0.000000e+00,0.000000e+00,0.000000e+00,0.000000e+00
2.520645e-03, 6.043251e-04,-1.097536e+05,-1.394906e+05,7.971213e+02,-1.880410e+05,1.774940e+05,0.000000e+00,0.000000e+00,0.000000e+00,0.000000e+00,0.000000e+00
2.530305e-03, 5.972679e-04,-1.060690e+05,-1.338334e+05,5.638077e+02,-1.813387e+05,1.707698e+05,0.000000e+00,0.000000e+00,0.000000e+00,0.000000e+00,0.000000e+00
2.541034e-03, 6.045448e-04,-1.081779e+05,-1.370274e+05,3.489870e+02,-1.852193e+05,1.745826e+05,0.000000e+00,0.000000e+00,0.000000e+00,0.000000e+00,0.000000e+00
2.550686e-03, 6.478209e-04,-1.118717e+05,-1.451927e+05,-2.279966e+02,-1.945325e+05,1.832928e+05,0.000000e+00,0.000000e+00,0.000000e+00,0.000000e+00,0.000000e+00
2.560335e-03, 6.795949e-04,-1.121799e+05,-1.481913e+05,6.187917e+02,-1.968842e+05,1.858638e+05,0.000000e+00,0.000000e+00,0.000000e+00,0.000000e+00,0.000000e+00
2.571051e-03, 6.864037e-04,-1.130818e+05,-1.489783e+05,8.769020e+01,-1.980967e+05,1.870348e+05,0.000000e+00,0.000000e+00,0.000000e+00,0.000000e+00,0.000000e+00
2.580693e-03, 6.595949e-04,-1.079100e+05,-1.391615e+05,1.894869e+02,-1.865842e+05,1.760981e+05,0.000000e+00,0.000000e+00,0.000000e+00,0.000000e+00,0.000000e+00
2.590333e-03, 6.756353e-04,-1.093780e+05,-1.428444e+05,2.350755e+02,-1.904402e+05,1.799114e+05,0.000000e+00,0.000000e+00,0.000000e+00,0.000000e+00,0.000000e+00
2.601041e-03, 6.456419e-04,-1.057747e+05,-1.378527e+05,7.609363e+01,-1.837876e+05,1.737574e+05,0.000000e+00,0.000000e+00,0.000000e+00,0.000000e+00,0.000000e+00
2.610676e-03, 6.461067e-04,-1.051682e+05,-1.366501e+05,-4.611861e+01,-1.824806e+05,1.724343e+05,0.000000e+00,0.000000e+00,0.000000e+00,0.000000e+00,0.000000e+00
2.620309e-03, 6.260264e-04,-1.027717e+05,-1.312734e+05,-5.577020e+02,-1.764471e+05,1.667185e+05,0.000000e+00,0.000000e+00,0.000000e+00,0.000000e+00,0.000000e+00
2.631010e-03, 6.418970e-04,-1.064757e+05,-1.362725e+05,-1.003518e+03,-1.829409e+05,1.729401e+05,0.000000e+00,0.000000e+00,0.000000e+00,0.000000e+00,0.000000e+00
2.640640e-03, 6.269779e-04,-1.034357e+05,-1.315179e+05,-7.378678e+02,-1.771251e+05,1.673214e+05,0.000000e+00,0.000000e+00,0.000000e+00,0.000000e+00,0.000000e+00
2.650267e-03, 6.485360e-04,-1.051787e+05,-1.377122e+05,-5.032663e+02,-1.832936e+05,1.732843e+05,0.000000e+00,0.000000e+00,0.000000e+00,0.000000e+00,0.000000e+00
2.660961e-03, 6.647947e-04,-1.079038e+05,-1.385451e+05,-8.331240e+02,-1.856707e+05,1.756094e+05,0.000000e+00,0.000000e+00,0.000000e+00,0.000000e+00,0.000000e+00
2.670583e-03, 6.432495e-04,-1.077620e+05,-1.359101e+05,-8.467065e+02,-1.834708e+05,1.734501e+05,0.000000e+00,0.000000e+00,0.000000e+00,0.000000e+00,0.000000e+00
2.680202e-03, 6.643577e-04,-1.095481e+05,-1.406385e+05,-6.032046e+02,-1.884572e+05,1.782704e+05,0.000000e+00,0.000000e+00,0.000000e+00,0.000000e+00,0.000000e+00
2.690887e-03, 6.868859e-04,-1.120950e+05,-1.460984e+05,-5.912200e+02,-1.944997e+05,1.841477e+05,0.000000e+00,0.000000e+00,0.000000e+00,0.000000e+00,0.000000e+00
2.700500e-03, 6.873485e-04,-1.130662e+05,-1.474212e+05,-5.710744e+02,-1.961320e+05,1.857883e+05,0.000000e+00,0.000000e+00,0.000000e+00,0.000000e+00,0.000000e+00
2.710110e-03, 6.652334e-04,-1.115566e+05,-1.460451e+05,-5.084530e+02,-1.938244e+05,1.837779e+05,0.000000e+00,0.000000e+00,0.000000e+00,0.000000e+00,0.000000e+00
2.720784e-03, 6.883450e-04,-1.154501e+05,-1.490386e+05,-8.634651e+02,-1.988946e+05,1.885258e+05,0.000000e+00,0.000000e+00,0.000000e+00,0.000000e+00,0.000000e+00
2.730388e-03, 6.888219e-04,-1.164418e+05,-1.504543e+05,-6.823967e+02,-2.004326e+05,1.902516e+05,0.000000e+00,0.000000e+00,0.000000e+00,0.000000e+00,0.000000e+00
2.741055e-03, 6.893336e-04,-1.172297e+05,-1.513181e+05,-4.758037e+02,-2.015688e+05,1.914163e+05,0.000000e+00,0.000000e+00,0.000000e+00,0.000000e+00,0.000000e+00
2.750654e-03, 6.445711e-04,-1.137114e+05,-1.447826e+05,-1.185602e+03,-1.938352e+05,1.841024e+05,0.000000e+00,0.000000e+00,0.000000e+00,0.000000e+00,0.000000e+00
2.760251e-03, 6.679090e-04,-1.167450e+05,-1.504681e+05,-8.843259e+02,-2.004199e+05,1.904490e+05,0.000000e+00,0.000000e+00,0.000000e+00,0.000000e+00,0.000000e+00
2.770912e-03, 6.327773e-04,-1.158317e+05,-1.438622e+05,-8.743483e+02,-1.944990e+05,1.847000e+05,0.000000e+00,0.000000e+00,0.000000e+00,0.000000e+00,0.000000e+00
2.780505e-03, 6.484888e-04,-1.187657e+05,-1.486790e+05,-2.525007e+02,-2.004084e+05,1.902914e+05,0.000000e+00,0.000000e+00,0.000000e+00,0.000000e+00,0.000000e+00
2.790096e-03, 6.489085e-04,-1.201641e+05,-1.509290e+05,-5.416367e+02,-2.029925e+05,1.929229e+05,0.000000e+00,0.000000e+00,0.000000e+00,0.000000e+00,0.000000e+00
2.800748e-03, 6.697881e-04,-1.232762e+05,-1.570787e+05,-8.168968e+02,-2.099619e+05,1.996782e+05,0.000000e+00,0.000000e+00,0.000000e+00,0.000000e+00,0.000000e+00
2.810332e-03, 6.472443e-04,-1.220648e+05,-1.532030e+05,-1.151630e+03,-2.058683e+05,1.958885e+05,0.000000e+00,0.000000e+00,0.000000e+00,0.000000e+00,0.000000e+00
2.820977e-03, 6.690937e-04,-1.250106e+05,-1.604871e+05,-8.675480e+02,-2.136461e+05,2.034318e+05,0.000000e+00,0.000000e+00,0.000000e+00,0.000000e+00,0.000000e+00
2.830555e-03, 6.664204e-04,-1.246605e+05,-1.604575e+05,-1.031274e+03,-2.134552e+05,2.031943e+05,0.000000e+00,0.000000e+00,0.000000e+00,0.000000e+00,0.000000e+00
2.840129e-03, 6.668475e-04,-1.266690e+05,-1.616410e+05,-1.253232e+03,-2.160291e+05,2.053641e+05,0.000000e+00,0.000000e+00,0.000000e+00,0.000000e+00,0.000000e+00
2.850763e-03, 6.619661e-04,-1.265423e+05,-1.618986e+05,-1.042805e+03,-2.162099e+05,2.054877e+05,0.000000e+00,0.000000e+00,0.000000e+00,0.000000e+00,0.000000e+00
2.860330e-03, 6.838872e-04,-1.310711e+05,-1.664621e+05,-1.020528e+03,-2.228380e+05,2.118733e+05,0.000000e+00,0.000000e+00,0.000000e+00,0.000000e+00,0.000000e+00
2.870956e-03, 7.074429e-04,-1.359444e+05,-1.741703e+05,-9.324128e+02,-2.323562e+05,2.209458e+05,0.000000e+00,0.000000e+00,0.000000e+00,0.000000e+00,0.000000e+00
2.880516e-03, 7.038002e-04,-1.364106e+05,-1.746998e+05,-4.675203e+02,-2.331005e+05,2.216486e+05,0.000000e+00,0.000000e+00,0.000000e+00,0.000000e+00,0.000000e+00
2.890072e-03, 6.835561e-04,-1.367387e+05,-1.705482e+05,-2.628338e+01,-2.301206e+05,2.185959e+05,0.000000e+00,0.000000e+00,0.000000e+00,0.000000e+00,0.000000e+00
2.900685e-03, 7.005479e-04,-1.392089e+05,-1.757434e+05,6.790476e+01,-2.356712e+05,2.241983e+05,0.000000e+00,0.000000e+00,0.000000e+00,0.000000e+00,0.000000e+00
2.910231e-03, 6.757314e-04,-1.374051e+05,-1.695601e+05,3.683419e+02,-2.293363e+05,2.182451e+05,0.000000e+00,0.000000e+00,0.000000e+00,0.000000e+00,0.000000e+00
2.920832e-03, 6.978799e-04,-1.400806e+05,-1.758319e+05,2.974483e+02,-2.360475e+05,2.248100e+05,0.000000e+00,0.000000e+00,0.000000e+00,0.000000e+00,0.000000e+00
2.930368e-03, 6.508448e-04,-1.322341e+05,-1.667206e+05,2.203073e+02,-2.232347e+05,2.127949e+05,0.000000e+00,0.000000e+00,0.000000e+00,0.000000e+00,0.000000e+00
2.940959e-03, 6.987297e-04,-1.397238e+05,-1.773812e+05,1.119997e+02,-2.365049e+05,2.258027e+05,0.000000e+00,0.000000e+00,0.000000e+00,0.000000e+00,0.000000e+00
2.950486e-03, 6.991179e-04,-1.407181e+05,-1.776761e+05,2.221007e+01,-2.374019e+05,2.266504e+05,0.000000e+00,0.000000e+00,0.000000e+00,0.000000e+00,0.000000e+00
2.960011e-03, 6.995147e-04,-1.425832e+05,-1.791254e+05,8.005280e+01,-2.396513e+05,2.289452e+05,0.000000e+00,0.000000e+00,0.000000e+00,0.000000e+00,0.000000e+00
2.970592e-03, 6.926900e-04,-1.413299e+05,-1.758289e+05,-5.907683e+02,-2.361826e+05,2.255888e+05,0.000000e+00,0.000000e+00,0.000000e+00,0.000000e+00,0.000000e+00
2.980111e-03, 6.930914e-04,-1.423195e+05,-1.770997e+05,-4.506370e+02,-2.375393e+05,2.271989e+05,0.000000e+00,0.000000e+00,0.000000e+00,0.000000e+00,0.000000e+00
2.990686e-03, 6.935355e-04,-1.429414e+05,-1.771006e+05,-4.346778e+02,-2.379837e+05,2.275896e+05,0.000000e+00,0.000000e+00,0.000000e+00,0.000000e+00,0.000000e+00
3.000201e-03, 6.939441e-04,-1.440173e+05,-1.778920e+05,-2.476519e+02,-2.392384e+05,2.288812e+05,0.000000e+00,0.000000e+00,0.000000e+00,0.000000e+00,0.000000e+00
3.010771e-03, 7.111135e-04,-1.470251e+05,-1.833917e+05,-1.727661e+02,-2.454770e+05,2.350509e+05,0.000000e+00,0.000000e+00,0.000000e+00,0.000000e+00,0.000000e+00
3.020283e-03, 7.115418e-04,-1.481456e+05,-1.849268e+05,-8.599291e+01,-2.471412e+05,2.369494e+05,0.000000e+00,0.000000e+00,0.000000e+00,0.000000e+00,0.000000e+00
3.030849e-03, 7.119910e-04,-1.487811e+05,-1.853617e+05,-6.065707e+01,-2.478931e+05,2.376863e+05,0.000000e+00,0.000000e+00,0.000000e+00,0.000000e+00,0.000000e+00
3.040357e-03, 7.124084e-04,-1.507499e+05,-1.869763e+05,2.592687e+02,-2.502960e+05,2.401785e+05,0.000000e+00,0.000000e+00,0.000000e+00,0.000000e+00,0.000000e+00
3.050920e-03, 7.128499e-04,-1.521447e+05,-1.878839e+05,-1.202089e+02,-2.521042e+05,2.417610e+05,0.000000e+00,0.000000e+00,0.000000e+00,0.000000e+00,0.000000e+00
3.060425e-03, 7.132612e-04,-1.536570e+05,-1.896281e+05,-5.061134e+02,-2.543237e+05,2.440688e+05,0.000000e+00,0.000000e+00,0.000000e+00,0.000000e+00,0.000000e+00
3.070985e-03, 7.137278e-04,-1.549877e+05,-1.915111e+05,-7.533417e+02,-2.565015e+05,2.463701e+05,0.000000e+00,0.000000e+00,0.000000e+00,0.000000e+00,0.000000e+00
3.080488e-03, 7.141399e-04,-1.562173e+05,-1.931884e+05,-8.068536e+02,-2.584811e+05,2.484477e+05,0.000000e+00,0.000000e+00,0.000000e+00,0.000000e+00,0.000000e+00
3.091045e-03, 7.146014e-04,-1.563165e+05,-1.940346e+05,-4.067541e+02,-2.591039e+05,2.491675e+05,0.000000e+00,0.000000e+00,0.000000e+00,0.000000e+00,0.000000e+00
3.100545e-03, 7.150238e-04,-1.575821e+05,-1.948352e+05,-4.034384e+02,-2.604559e+05,2.505854e+05,0.000000e+00,0.000000e+00,0.000000e+00,0.000000e+00,0.000000e+00
3.110043e-03, 7.154522e-04,-1.583296e+05,-1.962974e+05,-1.096100e+03,-2.618644e+05,2.521946e+05,0.000000e+00,0.000000e+00,0.000000e+00,0.000000e+00,0.000000e+00
3.120593e-03, 7.159271e-04,-1.596153e+05,-1.977971e+05,-1.044585e+03,-2.636330e+05,2.541689e+05,0.000000e+00,0.000000e+00,0.000000e+00,0.000000e+00,0.000000e+00
3.130086e-03, 7.163629e-04,-1.609306e+05,-1.989491e+05,-1.079238e+03,-2.652994e+05,2.558917e+05,0.000000e+00,0.000000e+00,0.000000e+00,0.000000e+00,0.000000e+00
3.140631e-03, 7.168507e-04,-1.623911e+05,-2.013662e+05,-7.567975e+02,-2.679908e+05,2.586886e+05,0.000000e+00,0.000000e+00,0.000000e+00,0.000000e+00,0.000000e+00
3.150120e-03, 7.130338e-04,-1.626840e+05,-2.014673e+05,-2.523057e+02,-2.681755e+05,2.589502e+05,0.000000e+00,0.000000e+00,0.000000e+00,0.000000e+00,0.000000e+00
3.160659e-03, 7.104976e-04,-1.627148e+05,-2.014991e+05,-2.664684e+02,-2.683404e+05,2.589943e+05,0.000000e+00,0.000000e+00,0.000000e+00,0.000000e+00,0.000000e+00
3.170143e-03, 6.975998e-04,-1.605297e+05,-1.994582e+05,-1.892635e+02,-2.654011e+05,2.560339e+05,0.000000e+00,0.000000e+00,0.000000e+00,0.000000e+00,0.000000e+00
3.180678e-03, 6.980704e-04,-1.614827e+05,-2.011249e+05,-2.633576e+02,-2.673837e+05,2.579301e+05,0.000000e+00,0.000000e+00,0.000000e+00,0.000000e+00,0.000000e+00
3.190158e-03, 6.984908e-04,-1.619613e+05,-2.018734e+05,-4.080472e+02,-2.682818e+05,2.588136e+05,0.000000e+00,0.000000e+00,0.000000e+00,0.000000e+00,0.000000e+00
3.200688e-03, 6.989755e-04,-1.617025e+05,-2.023954e+05,-5.721955e+02,-2.683157e+05,2.590596e+05,0.000000e+00,0.000000e+00,0.000000e+00,0.000000e+00,0.000000e+00
3.210164e-03, 6.994145e-04,-1.622651e+05,-2.027369e+05,-8.287704e+02,-2.690721e+05,2.596785e+05,0.000000e+00,0.000000e+00,0.000000e+00,0.000000e+00,0.000000e+00
3.220691e-03, 6.998929e-04,-1.617070e+05,-2.030212e+05,-1.049196e+03,-2.690233e+05,2.595532e+05,0.000000e+00,0.000000e+00,0.000000e+00,0.000000e+00,0.000000e+00
3.230164e-03, 7.003367e-04,-1.612920e+05,-2.029080e+05,-1.054868e+03,-2.685884e+05,2.592062e+05,0.000000e+00,0.000000e+00,0.000000e+00,0.000000e+00,0.000000e+00
3.240688e-03, 7.008467e-04,-1.610345e+05,-2.034747e+05,-3.247978e+02,-2.689192e+05,2.594883e+05,0.000000e+00,0.000000e+00,0.000000e+00,0.000000e+00,0.000000e+00
3.250158e-03, 7.012923e-04,-1.608570e+05,-2.040337e+05,-5.684579e+02,-2.692587e+05,2.598173e+05,0.000000e+00,0.000000e+00,0.000000e+00,0.000000e+00,0.000000e+00
3.260679e-03, 7.017891e-04,-1.606048e+05,-2.038835e+05,-3.910184e+02,-2.690990e+05,2.595429e+05,0.000000e+00,0.000000e+00,0.000000e+00,0.000000e+00,0.000000e+00
3.270146e-03, 7.022460e-04,-1.605498e+05,-2.041463e+05,-3.350878e+02,-2.692041e+05,2.597153e+05,0.000000e+00,0.000000e+00,0.000000e+00,0.000000e+00,0.000000e+00
3.280664e-03, 7.027655e-04,-1.601346e+05,-2.042717e+05,-3.710446e+02,-2.689857e+05,2.595576e+05,0.000000e+00,0.000000e+00,0.000000e+00,0.000000e+00,0.000000e+00
3.290130e-03, 7.032366e-04,-1.591844e+05,-2.048170e+05,-3.458319e+02,-2.686666e+05,2.594027e+05,0.000000e+00,0.000000e+00,0.000000e+00,0.000000e+00,0.000000e+00
3.300647e-03, 7.037537e-04,-1.596087e+05,-2.058267e+05,-1.651821e+02,-2.696499e+05,2.604604e+05,0.000000e+00,0.000000e+00,0.000000e+00,0.000000e+00,0.000000e+00
3.310112e-03, 7.042348e-04,-1.599039e+05,-2.064501e+05,-2.115709e+02,-2.700288e+05,2.611340e+05,0.000000e+00,0.000000e+00,0.000000e+00,0.000000e+00,0.000000e+00
3.320628e-03, 7.047711e-04,-1.606531e+05,-2.070408e+05,-3.078356e+02,-2.707722e+05,2.620599e+05,0.000000e+00,0.000000e+00,0.000000e+00,0.000000e+00,0.000000e+00
3.330092e-03, 7.052578e-04,-1.610045e+05,-2.088426e+05,-3.833335e+02,-2.722638e+05,2.637002e+05,0.000000e+00,0.000000e+00,0.000000e+00,0.000000e+00,0.000000e+00
3.340607e-03, 7.057914e-04,-1.625993e+05,-2.114660e+05,-9.781757e+02,-2.755585e+05,2.667534e+05,0.000000e+00,0.000000e+00,0.000000e+00,0.000000e+00,0.000000e+00
3.350071e-03, 7.062797e-04,-1.637418e+05,-2.143017e+05,-1.066772e+03,-2.783220e+05,2.696994e+05,0.000000e+00,0.000000e+00,0.000000e+00,0.000000e+00,0.000000e+00
3.360585e-03, 7.030032e-04,-1.650955e+05,-2.144698e+05,-1.257431e+03,-2.792068e+05,2.706573e+05,0.000000e+00,0.000000e+00,0.000000e+00,0.000000e+00,0.000000e+00
3.370047e-03, 7.034974e-04,-1.660487e+05,-2.151306e+05,-8.261699e+02,-2.802576e+05,2.717609e+05,0.000000e+00,0.000000e+00,0.000000e+00,0.000000e+00,0.000000e+00
3.380559e-03, 7.040566e-04,-1.667016e+05,-2.159934e+05,-8.534917e+02,-2.813165e+05,2.728430e+05,0.000000e+00,0.000000e+00,0.000000e+00,0.000000e+00,0.000000e+00
3.390018e-03, 6.965099e-04,-1.622226e+05,-2.152175e+05,-1.264544e+03,-2.775028e+05,2.695113e+05,0.000000e+00,0.000000e+00,0.000000e+00,0.000000e+00,0.000000e+00
3.400526e-03, 7.005543e-04,-1.636133e+05,-2.180902e+05,-6.036479e+02,-2.804661e+05,2.726408e+05,0.000000e+00,0.000000e+00,0.000000e+00,0.000000e+00,0.000000e+00
3.411032e-03, 6.748828e-04,-1.597304e+05,-2.096300e+05,-1.302293e+03,-2.710840e+05,2.635531e+05,0.000000e+00,0.000000e+00,0.000000e+00,0.000000e+00,0.000000e+00
3.420485e-03, 6.926684e-04,-1.618612e+05,-2.158420e+05,-3.990857e+02,-2.774677e+05,2.697907e+05,0.000000e+00,0.000000e+00,0.000000e+00,0.000000e+00,0.000000e+00
3.430987e-03, 6.712553e-04,-1.585208e+05,-2.095693e+05,-2.907988e+02,-2.702380e+05,2.627703e+05,0.000000e+00,0.000000e+00,0.000000e+00,0.000000e+00,0.000000e+00
3.440436e-03, 6.717877e-04,-1.582293e+05,-2.099227e+05,-4.197349e+01,-2.702688e+05,2.628765e+05,0.000000e+00,0.000000e+00,0.000000e+00,0.000000e+00,0.000000e+00
3.450933e-03, 6.723849e-04,-1.575979e+05,-2.094638e+05,7.138108e+01,-2.694854e+05,2.621301e+05,0.000000e+00,0.000000e+00,0.000000e+00,0.000000e+00,0.000000e+00
3.460379e-03, 6.729197e-04,-1.574471e+05,-2.096705e+05,2.229251e+02,-2.694376e+05,2.622048e+05,0.000000e+00,0.000000e+00,0.000000e+00,0.000000e+00,0.000000e+00
3.470873e-03, 6.956364e-04,-1.612432e+05,-2.176589e+05,2.763788e+02,-2.782344e+05,2.708779e+05,0.000000e+00,0.000000e+00,0.000000e+00,0.000000e+00,0.000000e+00
3.480315e-03, 6.961995e-04,-1.614688e+05,-2.186069e+05,4.058744e+02,-2.790421e+05,2.717744e+05,0.000000e+00,0.000000e+00,0.000000e+00,0.000000e+00,0.000000e+00
3.490805e-03, 6.968317e-04,-1.614796e+05,-2.189900e+05,5.749303e+02,-2.793658e+05,2.720893e+05,0.000000e+00,0.000000e+00,0.000000e+00,0.000000e+00,0.000000e+00
3.500245e-03, 6.862164e-04,-1.591151e+05,-2.156635e+05,5.433301e+02,-2.750927e+05,2.680087e+05,0.000000e+00,0.000000e+00,0.000000e+00,0.000000e+00,0.000000e+00
3.510731e-03, 6.868323e-04,-1.588384e+05,-2.180468e+05,3.868611e+02,-2.765644e+05,2.697670e+05,0.000000e+00,0.000000e+00,0.000000e+00,0.000000e+00,0.000000e+00
3.520168e-03, 6.873898e-04,-1.604297e+05,-2.193156e+05,5.539883e+02,-2.786193e+05,2.717302e+05,0.000000e+00,0.000000e+00,0.000000e+00,0.000000e+00,0.000000e+00
3.530651e-03, 6.911216e-04,-1.618198e+05,-2.220467e+05,4.965435e+02,-2.816531e+05,2.747556e+05,0.000000e+00,0.000000e+00,0.000000e+00,0.000000e+00,0.000000e+00
3.540084e-03, 6.916800e-04,-1.632940e+05,-2.231505e+05,3.976023e+01,-2.835736e+05,2.765160e+05,0.000000e+00,0.000000e+00,0.000000e+00,0.000000e+00,0.000000e+00
3.550563e-03, 6.891804e-04,-1.626523e+05,-2.245465e+05,7.823624e+02,-2.841779e+05,2.772680e+05,0.000000e+00,0.000000e+00,0.000000e+00,0.000000e+00,0.000000e+00
3.561040e-03, 6.898103e-04,-1.624092e+05,-2.259590e+05,3.799550e+02,-2.852717e+05,2.782703e+05,0.000000e+00,0.000000e+00,0.000000e+00,0.000000e+00,0.000000e+00
3.570467e-03, 6.903771e-04,-1.636474e+05,-2.267909e+05,-4.652854e+02,-2.867897e+05,2.796690e+05,0.000000e+00,0.000000e+00,0.000000e+00,0.000000e+00,0.000000e+00
3.580939e-03, 6.910109e-04,-1.639434e+05,-2.284985e+05,6.387597e+02,-2.882545e+05,2.812284e+05,0.000000e+00,0.000000e+00,0.000000e+00,0.000000e+00,0.000000e+00
3.590363e-03, 6.915868e-04,-1.655763e+05,-2.299908e+05,-7.002440e+02,-2.905116e+05,2.833933e+05,0.000000e+00,0.000000e+00,0.000000e+00,0.000000e+00,0.000000e+00
3.600831e-03, 6.922288e-04,-1.658965e+05,-2.321771e+05,2.257096e+02,-2.925757e+05,2.853558e+05,0.000000e+00,0.000000e+00,0.000000e+00,0.000000e+00,0.000000e+00
3.610251e-03, 6.969779e-04,-1.690949e+05,-2.357440e+05,-8.771483e+02,-2.972629e+05,2.901191e+05,0.000000e+00,0.000000e+00,0.000000e+00,0.000000e+00,0.000000e+00
3.620715e-03, 7.108331e-04,-1.714533e+05,-2.410163e+05,4.284187e+02,-3.031434e+05,2.957791e+05,0.000000e+00,0.000000e+00,0.000000e+00,0.000000e+00,0.000000e+00
3.630130e-03, 7.114975e-04,-1.721752e+05,-2.421169e+05,-5.155680e+02,-3.041506e+05,2.970946e+05,0.000000e+00,0.000000e+00,0.000000e+00,0.000000e+00,0.000000e+00
3.640589e-03, 7.036463e-04,-1.690161e+05,-2.405251e+05,-6.115994e+02,-3.007517e+05,2.939713e+05,0.000000e+00,0.000000e+00,0.000000e+00,0.000000e+00,0.000000e+00
3.650001e-03, 7.043035e-04,-1.698164e+05,-2.409031e+05,-1.672616e+03,-3.015284e+05,2.947452e+05,0.000000e+00,0.000000e+00,0.000000e+00,0.000000e+00,0.000000e+00
3.660455e-03, 7.104282e-04,-1.706382e+05,-2.434647e+05,-2.570553e+02,-3.040472e+05,2.973088e+05,0.000000e+00,0.000000e+00,0.000000e+00,0.000000e+00,0.000000e+00
3.670907e-03, 7.112330e-04,-1.723637e+05,-2.453262e+05,-2.507405e+02,-3.062919e+05,2.998237e+05,0.000000e+00,0.000000e+00,0.000000e+00,0.000000e+00,0.000000e+00
3.680311e-03, 7.119707e-04,-1.729081e+05,-2.469387e+05,-4.930043e+01,-3.080332e+05,3.014563e+05,0.000000e+00,0.000000e+00,0.000000e+00,0.000000e+00,0.000000e+00
3.690758e-03, 7.128099e-04,-1.723974e+05,-2.474507e+05,-2.432442e+02,-3.078607e+05,3.015838e+05,0.000000e+00,0.000000e+00,0.000000e+00,0.000000e+00,0.000000e+00
3.700159e-03, 7.135433e-04,-1.720210e+05,-2.478702e+05,-2.329412e+02,-3.078944e+05,3.017133e+05,0.000000e+00,0.000000e+00,0.000000e+00,0.000000e+00,0.000000e+00
3.710601e-03, 7.143478e-04,-1.725880e+05,-2.484738e+05,2.200361e+02,-3.086517e+05,3.025325e+05,0.000000e+00,0.000000e+00,0.000000e+00,0.000000e+00,0.000000e+00
3.721042e-03, 7.151689e-04,-1.743407e+05,-2.498146e+05,-1.806880e+01,-3.109250e+05,3.046342e+05,0.000000e+00,0.000000e+00,0.000000e+00,0.000000e+00,0.000000e+00
3.730436e-03, 7.159174e-04,-1.756640e+05,-2.517753e+05,-1.033718e+01,-3.134074e+05,3.069994e+05,0.000000e+00,0.000000e+00,0.000000e+00,0.000000e+00,0.000000e+00
3.740873e-03, 7.167391e-04,-1.764697e+05,-2.525874e+05,2.976149e+02,-3.146299e+05,3.081267e+05,0.000000e+00,0.000000e+00,0.000000e+00,0.000000e+00,0.000000e+00
3.750264e-03, 7.174769e-04,-1.747090e+05,-2.522854e+05,4.081774e+02,-3.131409e+05,3.068735e+05,0.000000e+00,0.000000e+00,0.000000e+00,0.000000e+00,0.000000e+00
3.760697e-03, 7.182965e-04,-1.745728e+05,-2.511370e+05,7.131029e+02,-3.122037e+05,3.058528e+05,0.000000e+00,0.000000e+00,0.000000e+00,0.000000e+00,0.000000e+00
3.770085e-03, 7.228963e-04,-1.747361e+05,-2.515980e+05,1.027556e+03,-3.126482e+05,3.063255e+05,0.000000e+00,0.000000e+00,0.000000e+00,0.000000e+00,0.000000e+00
3.780515e-03, 7.237253e-04,-1.753289e+05,-2.504017e+05,1.213184e+03,-3.121779e+05,3.056840e+05,0.000000e+00,0.000000e+00,0.000000e+00,0.000000e+00,0.000000e+00
3.790943e-03, 7.245737e-04,-1.766131e+05,-2.523685e+05,1.328327e+03,-3.145461e+05,3.080321e+05,0.000000e+00,0.000000e+00,0.000000e+00,0.000000e+00,0.000000e+00
3.800326e-03, 7.253356e-04,-1.778959e+05,-2.539996e+05,1.069960e+03,-3.166707e+05,3.101031e+05,0.000000e+00,0.000000e+00,0.000000e+00,0.000000e+00,0.000000e+00
3.810750e-03, 7.261896e-04,-1.798472e+05,-2.564262e+05,8.541907e+02,-3.199643e+05,3.132094e+05,0.000000e+00,0.000000e+00,0.000000e+00,0.000000e+00,0.000000e+00
3.820130e-03, 7.269648e-04,-1.799563e+05,-2.562417e+05,1.480376e+03,-3.199548e+05,3.131234e+05,0.000000e+00,0.000000e+00,0.000000e+00,0.000000e+00,0.000000e+00
3.830550e-03, 7.278308e-04,-1.809518e+05,-2.566679e+05,1.318871e+03,-3.210412e+05,3.140441e+05,0.000000e+00,0.000000e+00,0.000000e+00,0.000000e+00,0.000000e+00
3.840969e-03, 7.325772e-04,-1.824689e+05,-2.569272e+05,1.297427e+03,-3.224281e+05,3.151320e+05,0.000000e+00,0.000000e+00,0.000000e+00,0.000000e+00,0.000000e+00
3.850344e-03, 7.495224e-04,-1.875472e+05,-2.616624e+05,8.435152e+02,-3.294005e+05,3.219346e+05,0.000000e+00,0.000000e+00,0.000000e+00,0.000000e+00,0.000000e+00
3.860759e-03, 7.504590e-04,-1.885376e+05,-2.609790e+05,9.496200e+02,-3.296171e+05,3.219587e+05,0.000000e+00,0.000000e+00,0.000000e+00,0.000000e+00,0.000000e+00
3.870131e-03, 7.513223e-04,-1.865475e+05,-2.607014e+05,8.144073e+02,-3.279373e+05,3.205711e+05,0.000000e+00,0.000000e+00,0.000000e+00,0.000000e+00,0.000000e+00
3.880543e-03, 7.432177e-04,-1.815968e+05,-2.564878e+05,-2.942237e+02,-3.213289e+05,3.142665e+05,0.000000e+00,0.000000e+00,0.000000e+00,0.000000e+00,0.000000e+00
3.890954e-03, 7.399778e-04,-1.781689e+05,-2.500541e+05,8.672444e+02,-3.141180e+05,3.070374e+05,0.000000e+00,0.000000e+00,0.000000e+00,0.000000e+00,0.000000e+00
3.900323e-03, 7.369325e-04,-1.757846e+05,-2.478598e+05,7.033402e+02,-3.109155e+05,3.038671e+05,0.000000e+00,0.000000e+00,0.000000e+00,0.000000e+00,0.000000e+00
3.910732e-03, 7.378234e-04,-1.765295e+05,-2.489092e+05,2.526543e+02,-3.122271e+05,3.051532e+05,0.000000e+00,0.000000e+00,0.000000e+00,0.000000e+00,0.000000e+00
3.920099e-03, 7.345249e-04,-1.763210e+05,-2.499579e+05,7.821837e+02,-3.128597e+05,3.058899e+05,0.000000e+00,0.000000e+00,0.000000e+00,0.000000e+00,0.000000e+00
3.930505e-03, 7.232507e-04,-1.749687e+05,-2.460335e+05,1.509876e+03,-3.088292e+05,3.019086e+05,0.000000e+00,0.000000e+00,0.000000e+00,0.000000e+00,0.000000e+00
3.940911e-03, 7.316736e-04,-1.786303e+05,-2.518512e+05,5.338469e+02,-3.156778e+05,3.087687e+05,0.000000e+00,0.000000e+00,0.000000e+00,0.000000e+00,0.000000e+00
3.950274e-03, 7.324692e-04,-1.784058e+05,-2.523758e+05,2.923299e+02,-3.158885e+05,3.090667e+05,0.000000e+00,0.000000e+00,0.000000e+00,0.000000e+00,0.000000e+00
3.960677e-03, 7.333603e-04,-1.778575e+05,-2.521520e+05,-2.184910e+02,-3.152913e+05,3.085676e+05,0.000000e+00,0.000000e+00,0.000000e+00,0.000000e+00,0.000000e+00
3.970039e-03, 7.341640e-04,-1.770696e+05,-2.522209e+05,1.082109e+01,-3.147641e+05,3.081705e+05,0.000000e+00,0.000000e+00,0.000000e+00,0.000000e+00,0.000000e+00
3.980440e-03, 7.278657e-04,-1.757792e+05,-2.491928e+05,-2.812430e+02,-3.117085e+05,3.049516e+05,0.000000e+00,0.000000e+00,0.000000e+00,0.000000e+00,0.000000e+00
3.990839e-03, 7.287453e-04,-1.764409e+05,-2.514778e+05,-2.420980e+02,-3.138504e+05,3.072011e+05,0.000000e+00,0.000000e+00,0.000000e+00,0.000000e+00,0.000000e+00
4.000198e-03, 7.295283e-04,-1.774754e+05,-2.532510e+05,-2.090299e+02,-3.160184e+05,3.092468e+05,0.000000e+00,0.000000e+00,0.000000e+00,0.000000e+00,0.000000e+00
4.010595e-03, 7.425510e-04,-1.826092e+05,-2.582630e+05,2.738246e+01,-3.233324e+05,3.163004e+05,0.000000e+00,0.000000e+00,0.000000e+00,0.000000e+00,0.000000e+00
4.020990e-03, 7.519571e-04,-1.852382e+05,-2.600409e+05,-9.246733e+02,-3.267604e+05,3.192731e+05,0.000000e+00,0.000000e+00,0.000000e+00,0.000000e+00,0.000000e+00
4.030345e-03, 7.528055e-04,-1.853434e+05,-2.603404e+05,-1.071545e+03,-3.271663e+05,3.195786e+05,0.000000e+00,0.000000e+00,0.000000e+00,0.000000e+00,0.000000e+00
4.040738e-03, 7.581953e-04,-1.865096e+05,-2.627630e+05,-5.591728e+02,-3.296449e+05,3.222274e+05,0.000000e+00,0.000000e+00,0.000000e+00,0.000000e+00,0.000000e+00
4.050092e-03, 7.591034e-04,-1.863452e+05,-2.622058e+05,-2.000887e+02,-3.291721e+05,3.216776e+05,0.000000e+00,0.000000e+00,0.000000e+00,0.000000e+00,0.000000e+00
4.060483e-03, 7.600930e-04,-1.858164e+05,-2.626278e+05,-1.011162e+03,-3.291690e+05,3.217174e+05,0.000000e+00,0.000000e+00,0.000000e+00,0.000000e+00,0.000000e+00
4.070874e-03, 7.610876e-04,-1.887663e+05,-2.655090e+05,-2.034474e+03,-3.331593e+05,3.257788e+05,0.000000e+00,0.000000e+00,0.000000e+00,0.000000e+00,0.000000e+00
4.080225e-03, 7.619803e-04,-1.911672e+05,-2.687448e+05,-1.145250e+03,-3.373704e+05,3.298029e+05,0.000000e+00,0.000000e+00,0.000000e+00,0.000000e+00,0.000000e+00
4.090613e-03, 7.629225e-04,-1.939339e+05,-2.722999e+05,-2.291818e+02,-3.421455e+05,3.343018e+05,0.000000e+00,0.000000e+00,0.000000e+00,0.000000e+00,0.000000e+00
4.101001e-03, 7.639018e-04,-1.967442e+05,-2.750950e+05,-7.958807e+01,-3.463296e+05,3.382094e+05,0.000000e+00,0.000000e+00,0.000000e+00,0.000000e+00,0.000000e+00
4.110349e-03, 7.647983e-04,-1.978699e+05,-2.764406e+05,-4.902423e+02,-3.481990e+05,3.399590e+05,0.000000e+00,0.000000e+00,0.000000e+00,0.000000e+00,0.000000e+00
4.120735e-03, 7.658009e-04,-1.981641e+05,-2.767555e+05,3.863449e+02,-3.488628e+05,3.403862e+05,0.000000e+00,0.000000e+00,0.000000e+00,0.000000e+00,0.000000e+00
4.130080e-03, 7.578575e-04,-1.946176e+05,-2.727502e+05,1.645170e+03,-3.436958e+05,3.350692e+05,0.000000e+00,0.000000e+00,0.000000e+00,0.000000e+00,0.000000e+00
4.140463e-03, 7.521928e-04,-1.917161e+05,-2.673005e+05,2.204238e+03,-3.381344e+05,3.289521e+05,0.000000e+00,0.000000e+00,0.000000e+00,0.000000e+00,0.000000e+00
4.150844e-03, 7.531745e-04,-1.923099e+05,-2.665327e+05,2.254198e+03,-3.381931e+05,3.286759e+05,0.000000e+00,0.000000e+00,0.000000e+00,0.000000e+00,0.000000e+00
4.160185e-03, 7.540646e-04,-1.935051e+05,-2.668933e+05,1.789131e+03,-3.395120e+05,3.296656e+05,0.000000e+00,0.000000e+00,0.000000e+00,0.000000e+00,0.000000e+00
4.170564e-03, 7.550511e-04,-1.942311e+05,-2.679192e+05,1.901845e+03,-3.410597e+05,3.309230e+05,0.000000e+00,0.000000e+00,0.000000e+00,0.000000e+00,0.000000e+00
4.180941e-03, 7.601858e-04,-1.970533e+05,-2.707709e+05,1.986297e+03,-3.451994e+05,3.348893e+05,0.000000e+00,0.000000e+00,0.000000e+00,0.000000e+00,0.000000e+00
4.190279e-03, 7.664915e-04,-1.990081e+05,-2.721077e+05,2.211306e+03,-3.477878e+05,3.371228e+05,0.000000e+00,0.000000e+00,0.000000e+00,0.000000e+00,0.000000e+00
4.200653e-03, 7.675693e-04,-1.975184e+05,-2.709126e+05,2.286832e+03,-3.458307e+05,3.352796e+05,0.000000e+00,0.000000e+00,0.000000e+00,0.000000e+00,0.000000e+00
4.211026e-03, 7.352170e-04,-1.981506e+05,-2.738215e+05,2.981902e+03,-3.483099e+05,3.380100e+05,0.000000e+00,0.000000e+00,0.000000e+00,0.000000e+00,0.000000e+00
4.220360e-03, 7.282650e-04,-1.987064e+05,-2.761824e+05,2.786551e+03,-3.502779e+05,3.402480e+05,0.000000e+00,0.000000e+00,0.000000e+00,0.000000e+00,0.000000e+00
4.230730e-03, 7.336134e-04,-2.005104e+05,-2.835946e+05,-3.809313e+02,-3.566744e+05,3.473189e+05,0.000000e+00,0.000000e+00,0.000000e+00,0.000000e+00,0.000000e+00
4.240062e-03, 7.199658e-04,-1.948490e+05,-2.816857e+05,-8.196986e+02,-3.512469e+05,3.425108e+05,0.000000e+00,0.000000e+00,0.000000e+00,0.000000e+00,0.000000e+00
4.250429e-03, 7.401508e-04,-1.959331e+05,-2.841187e+05,1.186948e+03,-3.540080e+05,3.451298e+05,0.000000e+00,0.000000e+00,0.000000e+00,0.000000e+00,0.000000e+00
4.260795e-03, 7.351747e-04,-1.902379e+05,-2.769375e+05,5.893286e+02,-3.444673e+05,3.359839e+05,0.000000e+00,0.000000e+00,0.000000e+00,0.000000e+00,0.000000e+00
4.270123e-03, 7.360381e-04,-1.916057e+05,-2.822668e+05,1.075484e+02,-3.486497e+05,3.411558e+05,0.000000e+00,0.000000e+00,0.000000e+00,0.000000e+00,0.000000e+00
4.280486e-03, 7.319505e-04,-1.880706e+05,-2.767694e+05,-3.756540e+02,-3.432488e+05,3.346221e+05,0.000000e+00,0.000000e+00,0.000000e+00,0.000000e+00,0.000000e+00
4.290848e-03, 7.328500e-04,-1.846674e+05,-2.783411e+05,-8.098156e+02,-3.413984e+05,3.340306e+05,0.000000e+00,0.000000e+00,0.000000e+00,0.000000e+00,0.000000e+00
4.300173e-03, 7.336864e-04,-1.885928e+05,-2.745668e+05,-9.045680e+01,-3.419947e+05,3.330979e+05,0.000000e+00,0.000000e+00,0.000000e+00,0.000000e+00,0.000000e+00
4.310533e-03, 7.221313e-04,-1.841466e+05,-2.729683e+05,-4.513568e+02,-3.367503e+05,3.292747e+05,0.000000e+00,0.000000e+00,0.000000e+00,0.000000e+00,0.000000e+00
4.320892e-03, 7.229715e-04,-1.841183e+05,-2.735890e+05,-1.889064e+03,-3.375402e+05,3.297788e+05,0.000000e+00,0.000000e+00,0.000000e+00,0.000000e+00,0.000000e+00
4.330214e-03, 7.237538e-04,-1.917307e+05,-2.835701e+05,-2.816276e+03,-3.499460e+05,3.423165e+05,0.000000e+00,0.000000e+00,0.000000e+00,0.000000e+00,0.000000e+00
4.340570e-03, 7.160183e-04,-1.881403e+05,-2.788384e+05,-2.823201e+03,-3.441880e+05,3.363861e+05,0.000000e+00,0.000000e+00,0.000000e+00,0.000000e+00,0.000000e+00
4.350925e-03, 6.934452e-04,-1.796909e+05,-2.664900e+05,-3.475375e+03,-3.290176e+05,3.214309e+05,0.000000e+00,0.000000e+00,0.000000e+00,0.000000e+00,0.000000e+00
4.360244e-03, 6.749143e-04,-1.754482e+05,-2.628503e+05,-3.266294e+03,-3.226247e+05,3.160427e+05,0.000000e+00,0.000000e+00,0.000000e+00,0.000000e+00,0.000000e+00
4.370597e-03, 6.912495e-04,-1.823305e+05,-2.724772e+05,-3.118298e+03,-3.345895e+05,3.278688e+05,0.000000e+00,0.000000e+00,0.000000e+00,0.000000e+00,0.000000e+00
4.380949e-03, 6.920876e-04,-1.813018e+05,-2.671716e+05,-3.011516e+03,-3.303194e+05,3.228933e+05,0.000000e+00,0.000000e+00,0.000000e+00,0.000000e+00,0.000000e+00
4.390266e-03, 6.977250e-04,-1.792001e+05,-2.668632e+05,-2.770140e+03,-3.285935e+05,3.214597e+05,0.000000e+00,0.000000e+00,0.000000e+00,0.000000e+00,0.000000e+00
4.400617e-03, 6.987257e-04,-1.804492e+05,-2.704463e+05,-2.356208e+03,-3.317507e+05,3.251287e+05,0.000000e+00,0.000000e+00,0.000000e+00,0.000000e+00,0.000000e+00
4.410966e-03, 7.083552e-04,-1.839125e+05,-2.725858e+05,-2.092250e+03,-3.363033e+05,3.288331e+05,0.000000e+00,0.000000e+00,0.000000e+00,0.000000e+00,0.000000e+00
4.420280e-03, 7.140939e-04,-1.802139e+05,-2.718412e+05,-1.240367e+03,-3.329997e+05,3.261537e+05,0.000000e+00,0.000000e+00,0.000000e+00,0.000000e+00,0.000000e+00
4.430627e-03, 7.099983e-04,-1.790930e+05,-2.675719e+05,-4.221779e+02,-3.287874e+05,3.219771e+05,0.000000e+00,0.000000e+00,0.000000e+00,0.000000e+00,0.000000e+00
4.440973e-03, 7.221738e-04,-1.801826e+05,-2.744174e+05,-4.015463e+02,-3.348542e+05,3.282847e+05,0.000000e+00,0.000000e+00,0.000000e+00,0.000000e+00,0.000000e+00
4.450282e-03, 7.115660e-04,-1.809887e+05,-2.752330e+05,-2.522267e+03,-3.358596e+05,3.294184e+05,0.000000e+00,0.000000e+00,0.000000e+00,0.000000e+00,0.000000e+00
4.460625e-03, 6.939020e-04,-1.802911e+05,-2.715960e+05,-2.729806e+03,-3.330453e+05,3.260011e+05,0.000000e+00,0.000000e+00,0.000000e+00,0.000000e+00,0.000000e+00
4.470965e-03, 6.947025e-04,-1.792546e+05,-2.690757e+05,-3.129411e+03,-3.303621e+05,3.233323e+05,0.000000e+00,0.000000e+00,0.000000e+00,0.000000e+00,0.000000e+00
4.480270e-03, 6.953990e-04,-1.827137e+05,-2.756709e+05,-4.058942e+03,-3.377020e+05,3.307495e+05,0.000000e+00,0.000000e+00,0.000000e+00,0.000000e+00,0.000000e+00
4.490607e-03, 6.988340e-04,-1.849868e+05,-2.808319e+05,-4.002825e+03,-3.434743e+05,3.363074e+05,0.000000e+00,0.000000e+00,0.000000e+00,0.000000e+00,0.000000e+00
4.500943e-03, 6.881205e-04,-1.842273e+05,-2.737895e+05,-5.326446e+03,-3.371975e+05,3.300436e+05,0.000000e+00,0.000000e+00,0.000000e+00,0.000000e+00,0.000000e+00
4.510243e-03, 6.947966e-04,-1.843120e+05,-2.760381e+05,-5.619132e+03,-3.389218e+05,3.319631e+05,0.000000e+00,0.000000e+00,0.000000e+00,0.000000e+00,0.000000e+00
4.520574e-03, 6.943145e-04,-1.885136e+05,-2.834399e+05,-5.695899e+03,-3.471606e+05,3.404527e+05,0.000000e+00,0.000000e+00,0.000000e+00,0.000000e+00,0.000000e+00
4.530904e-03, 6.825542e-04,-1.901444e+05,-2.868400e+05,-4.228586e+03,-3.511560e+05,3.441656e+05,0.000000e+00,0.000000e+00,0.000000e+00,0.000000e+00,0.000000e+00
4.540198e-03, 6.950006e-04,-1.915548e+05,-2.885183e+05,-3.457153e+03,-3.540096e+05,3.463351e+05,0.000000e+00,0.000000e+00,0.000000e+00,0.000000e+00,0.000000e+00
4.550524e-03, 6.788549e-04,-1.872168e+05,-2.794976e+05,-5.358462e+03,-3.437037e+05,3.364487e+05,0.000000e+00,0.000000e+00,0.000000e+00,0.000000e+00,0.000000e+00
4.560847e-03, 6.634331e-04,-1.866921e+05,-2.811934e+05,-6.504675e+03,-3.445747e+05,3.375885e+05,0.000000e+00,0.000000e+00,0.000000e+00,0.000000e+00,0.000000e+00
4.570138e-03, 6.701353e-04,-1.922918e+05,-2.885515e+05,-5.134994e+03,-3.542842e+05,3.467917e+05,0.000000e+00,0.000000e+00,0.000000e+00,0.000000e+00,0.000000e+00
4.580459e-03, 6.601791e-04,-1.892591e+05,-2.812946e+05,-5.535464e+03,-3.468497e+05,3.390815e+05,0.000000e+00,0.000000e+00,0.000000e+00,0.000000e+00,0.000000e+00
4.590779e-03, 6.609297e-04,-1.872917e+05,-2.819418e+05,-4.558503e+03,-3.457736e+05,3.385117e+05,0.000000e+00,0.000000e+00,0.000000e+00,0.000000e+00,0.000000e+00
4.600066e-03, 6.616183e-04,-1.911335e+05,-2.879453e+05,-4.854235e+03,-3.529848e+05,3.456416e+05,0.000000e+00,0.000000e+00,0.000000e+00,0.000000e+00,0.000000e+00
4.610384e-03, 6.835278e-04,-1.974685e+05,-2.998770e+05,-4.086973e+03,-3.665219e+05,3.590776e+05,0.000000e+00,0.000000e+00,0.000000e+00,0.000000e+00,0.000000e+00
4.620700e-03, 6.843663e-04,-1.982979e+05,-2.977935e+05,-4.012453e+03,-3.658111e+05,3.577976e+05,0.000000e+00,0.000000e+00,0.000000e+00,0.000000e+00,0.000000e+00
4.631014e-03, 6.813297e-04,-1.943208e+05,-2.942287e+05,-3.880365e+03,-3.603503e+05,3.526275e+05,0.000000e+00,0.000000e+00,0.000000e+00,0.000000e+00,0.000000e+00
4.640296e-03, 6.820525e-04,-1.948955e+05,-2.940224e+05,-3.793171e+03,-3.603952e+05,3.527717e+05,0.000000e+00,0.000000e+00,0.000000e+00,0.000000e+00,0.000000e+00
4.650609e-03, 6.890432e-04,-2.001545e+05,-3.051657e+05,-4.028322e+03,-3.726329e+05,3.649715e+05,0.000000e+00,0.000000e+00,0.000000e+00,0.000000e+00,0.000000e+00
4.660920e-03, 6.890470e-04,-2.032619e+05,-3.083332e+05,-3.975363e+03,-3.772339e+05,3.693245e+05,0.000000e+00,0.000000e+00,0.000000e+00,0.000000e+00,0.000000e+00
4.670198e-03, 6.898105e-04,-1.989465e+05,-3.020165e+05,-3.978936e+03,-3.697838e+05,3.616760e+05,0.000000e+00,0.000000e+00,0.000000e+00,0.000000e+00,0.000000e+00
4.680507e-03, 6.901462e-04,-1.976316e+05,-3.009942e+05,-4.250678e+03,-3.682146e+05,3.601026e+05,0.000000e+00,0.000000e+00,0.000000e+00,0.000000e+00,0.000000e+00
4.690814e-03, 6.764951e-04,-1.955067e+05,-2.947476e+05,-4.408630e+03,-3.620442e+05,3.537208e+05,0.000000e+00,0.000000e+00,0.000000e+00,0.000000e+00,0.000000e+00
4.700089e-03, 6.834639e-04,-2.021165e+05,-3.074257e+05,-6.059836e+03,-3.764375e+05,3.679652e+05,0.000000e+00,0.000000e+00,0.000000e+00,0.000000e+00,0.000000e+00
4.710392e-03, 6.905009e-04,-2.052660e+05,-3.148274e+05,-5.341175e+03,-3.849561e+05,3.758709e+05,0.000000e+00,0.000000e+00,0.000000e+00,0.000000e+00,0.000000e+00
4.720694e-03, 6.547864e-04,-1.993814e+05,-3.042694e+05,-4.634231e+03,-3.726085e+05,3.638053e+05,0.000000e+00,0.000000e+00,0.000000e+00,0.000000e+00,0.000000e+00
4.730994e-03, 6.753186e-04,-1.995699e+05,-3.027611e+05,-4.897003e+03,-3.716221e+05,3.626519e+05,0.000000e+00,0.000000e+00,0.000000e+00,0.000000e+00,0.000000e+00
4.740261e-03, 6.711200e-04,-2.003265e+05,-3.012715e+05,-4.406718e+03,-3.706302e+05,3.618213e+05,0.000000e+00,0.000000e+00,0.000000e+00,0.000000e+00,0.000000e+00
4.750557e-03, 6.719496e-04,-2.037156e+05,-3.070867e+05,-3.565007e+03,-3.772673e+05,3.685308e+05,0.000000e+00,0.000000e+00,0.000000e+00,0.000000e+00,0.000000e+00
4.760850e-03, 6.727899e-04,-2.075503e+05,-3.142815e+05,-4.876246e+03,-3.855644e+05,3.766614e+05,0.000000e+00,0.000000e+00,0.000000e+00,0.000000e+00,0.000000e+00
4.770112e-03, 6.680531e-04,-2.046312e+05,-3.113179e+05,-4.574498e+03,-3.818002e+05,3.725771e+05,0.000000e+00,0.000000e+00,0.000000e+00,0.000000e+00,0.000000e+00
4.780389e-03, 6.794276e-04,-2.076900e+05,-3.142417e+05,-5.427441e+03,-3.860609e+05,3.767127e+05,0.000000e+00,0.000000e+00,0.000000e+00,0.000000e+00,0.000000e+00
4.790637e-03, 6.816434e-04,-2.096656e+05,-3.167500e+05,-4.987764e+03,-3.891359e+05,3.798883e+05,0.000000e+00,0.000000e+00,0.000000e+00,0.000000e+00,0.000000e+00
4.800858e-03, 6.761360e-04,-2.120944e+05,-3.175254e+05,-5.051707e+03,-3.908875e+05,3.818794e+05,0.000000e+00,0.000000e+00,0.000000e+00,0.000000e+00,0.000000e+00
4.810035e-03, 6.769064e-04,-2.151470e+05,-3.218019e+05,-4.420285e+03,-3.960846e+05,3.871230e+05,0.000000e+00,0.000000e+00,0.000000e+00,0.000000e+00,0.000000e+00
4.820207e-03, 6.656584e-04,-2.146907e+05,-3.182361e+05,-4.895607e+03,-3.928665e+05,3.839145e+05,0.000000e+00,0.000000e+00,0.000000e+00,0.000000e+00,0.000000e+00
4.830354e-03, 6.795426e-04,-2.191477e+05,-3.293913e+05,-4.378513e+03,-4.053357e+05,3.956558e+05,0.000000e+00,0.000000e+00,0.000000e+00,0.000000e+00,0.000000e+00
4.840478e-03, 6.672883e-04,-2.176052e+05,-3.247050e+05,-4.955976e+03,-4.002873e+05,3.909091e+05,0.000000e+00,0.000000e+00,0.000000e+00,0.000000e+00,0.000000e+00
4.850578e-03, 6.681345e-04,-2.199933e+05,-3.271521e+05,-4.328221e+03,-4.038880e+05,3.942643e+05,0.000000e+00,0.000000e+00,0.000000e+00,0.000000e+00,0.000000e+00
4.860655e-03, 6.577350e-04,-2.179640e+05,-3.245628e+05,-3.855687e+03,-4.004195e+05,3.909785e+05,0.000000e+00,0.000000e+00,0.000000e+00,0.000000e+00,0.000000e+00
4.870708e-03, 6.698095e-04,-2.202843e+05,-3.266737e+05,-4.242427e+03,-4.035257e+05,3.940291e+05,0.000000e+00,0.000000e+00,0.000000e+00,0.000000e+00,0.000000e+00
4.880740e-03, 6.706485e-04,-2.191161e+05,-3.257479e+05,-3.756871e+03,-4.019783e+05,3.926037e+05,0.000000e+00,0.000000e+00,0.000000e+00,0.000000e+00,0.000000e+00
4.890749e-03, 6.714832e-04,-2.203069e+05,-3.259331e+05,-2.649711e+03,-4.027456e+05,3.934139e+05,0.000000e+00,0.000000e+00,0.000000e+00,0.000000e+00,0.000000e+00
4.900735e-03, 6.723113e-04,-2.246507e+05,-3.297983e+05,-2.744207e+03,-4.082289e+05,3.990519e+05,0.000000e+00,0.000000e+00,0.000000e+00,0.000000e+00,0.000000e+00
4.910699e-03, 6.648211e-04,-2.253865e+05,-3.302273e+05,-2.799280e+03,-4.089812e+05,3.998212e+05,0.000000e+00,0.000000e+00,0.000000e+00,0.000000e+00,0.000000e+00
4.920639e-03, 6.719931e-04,-2.273845e+05,-3.373498e+05,-1.479421e+03,-4.165194e+05,4.068302e+05,0.000000e+00,0.000000e+00,0.000000e+00,0.000000e+00,0.000000e+00
4.930558e-03, 6.592205e-04,-2.237848e+05,-3.323277e+05,-3.414429e+03,-4.097845e+05,4.006657e+05,0.000000e+00,0.000000e+00,0.000000e+00,0.000000e+00,0.000000e+00
4.940456e-03, 6.600488e-04,-2.223894e+05,-3.352291e+05,-3.948218e+03,-4.114691e+05,4.023073e+05,0.000000e+00,0.000000e+00,0.000000e+00,0.000000e+00,0.000000e+00
4.950333e-03, 6.608820e-04,-2.246002e+05,-3.373330e+05,-3.888881e+03,-4.146630e+05,4.052825e+05,0.000000e+00,0.000000e+00,0.000000e+00,0.000000e+00,0.000000e+00
4.960189e-03, 6.617286e-04,-2.262640e+05,-3.389851e+05,-3.393407e+03,-4.171016e+05,4.075755e+05,0.000000e+00,0.000000e+00,0.000000e+00,0.000000e+00,0.000000e+00
4.970026e-03, 6.508890e-04,-2.247318e+05,-3.359709e+05,-3.013372e+03,-4.135725e+05,4.042152e+05,0.000000e+00,0.000000e+00,0.000000e+00,0.000000e+00,0.000000e+00
4.980823e-03, 6.517648e-04,-2.267093e+05,-3.390269e+05,-3.169706e+03,-4.171699e+05,4.078558e+05,0.000000e+00,0.000000e+00,0.000000e+00,0.000000e+00,0.000000e+00
4.990618e-03, 6.709887e-04,-2.290122e+05,-3.443183e+05,-4.145338e+03,-4.229916e+05,4.135443e+05,0.000000e+00,0.000000e+00,0.000000e+00,0.000000e+00,0.000000e+00
5.000393e-03, 6.792791e-04,-2.282699e+05,-3.474089e+05,-2.117745e+03,-4.252816e+05,4.156977e+05,0.000000e+00,0.000000e+00,0.000000e+00,0.000000e+00,0.000000e+00
5.010150e-03, 6.714410e-04,-2.258001e+05,-3.424485e+05,-3.462888e+03,-4.190181e+05,4.102057e+05,0.000000e+00,0.000000e+00,0.000000e+00,0.000000e+00,0.000000e+00
5.020860e-03, 6.332318e-04,-2.047914e+05,-3.202333e+05,-3.430985e+03,-3.880032e+05,3.801324e+05,0.000000e+00,0.000000e+00,0.000000e+00,0.000000e+00,0.000000e+00
5.030578e-03, 6.580757e-04,-2.195290e+05,-3.354032e+05,-4.678401e+03,-4.094358e+05,4.008868e+05,0.000000e+00,0.000000e+00,0.000000e+00,0.000000e+00,0.000000e+00
5.040277e-03, 6.535331e-04,-2.212027e+05,-3.352189e+05,-4.725301e+03,-4.105788e+05,4.016525e+05,0.000000e+00,0.000000e+00,0.000000e+00,0.000000e+00,0.000000e+00
